surface,bucket_key,total_variants,filled_variants,unique_opener60,unique_closer60,top_prefix60_ratio,opener_pass,closer_pass,prefix_pass,overall_pass
scriptedText.interrogation,"a|d-1|S0|fact_pursuit",10,10,3,10,0.4,true,true,true,true
scriptedText.interrogation,"a|d-1|S0|motive_search",10,10,3,10,0.4,true,true,true,true
scriptedText.interrogation,"a|d-1|S0|empathy_approach",10,10,3,10,0.4,true,true,true,true
scriptedText.interrogation,"a|d-1|S1|fact_pursuit",10,10,3,10,0.4,true,true,true,true
scriptedText.interrogation,"a|d-1|S1|motive_search",10,10,3,10,0.4,true,true,true,true
scriptedText.interrogation,"a|d-1|S1|empathy_approach",10,10,3,10,0.4,true,true,true,true
scriptedText.interrogation,"a|d-1|S2|fact_pursuit",10,10,3,10,0.4,true,true,true,true
scriptedText.interrogation,"a|d-1|S2|motive_search",10,10,3,10,0.4,true,true,true,true
scriptedText.interrogation,"a|d-1|S2|empathy_approach",10,10,3,10,0.4,true,true,true,true
scriptedText.interrogation,"a|d-1|S3|fact_pursuit",10,10,3,10,0.4,true,true,true,true
scriptedText.interrogation,"a|d-1|S3|motive_search",10,10,3,10,0.4,true,true,true,true
scriptedText.interrogation,"a|d-1|S3|empathy_approach",10,10,3,10,0.4,true,true,true,true
scriptedText.interrogation,"a|d-1|S4|fact_pursuit",10,10,3,10,0.4,true,true,true,true
scriptedText.interrogation,"a|d-1|S4|motive_search",10,10,3,10,0.4,true,true,true,true
scriptedText.interrogation,"a|d-1|S4|empathy_approach",10,10,3,10,0.4,true,true,true,true
scriptedText.interrogation,"a|d-1|S5|fact_pursuit",10,10,3,10,0.4,true,true,true,true
scriptedText.interrogation,"a|d-1|S5|motive_search",10,10,3,10,0.4,true,true,true,true
scriptedText.interrogation,"a|d-1|S5|empathy_approach",10,10,3,10,0.4,true,true,true,true
scriptedText.interrogation,"b|d-1|S0|fact_pursuit",10,10,3,10,0.4,true,true,true,true
scriptedText.interrogation,"b|d-1|S0|motive_search",10,10,3,10,0.4,true,true,true,true
scriptedText.interrogation,"b|d-1|S0|empathy_approach",10,10,3,10,0.4,true,true,true,true
scriptedText.interrogation,"b|d-1|S1|fact_pursuit",10,10,3,10,0.4,true,true,true,true
scriptedText.interrogation,"b|d-1|S1|motive_search",10,10,3,10,0.4,true,true,true,true
scriptedText.interrogation,"b|d-1|S1|empathy_approach",10,10,3,10,0.4,true,true,true,true
scriptedText.interrogation,"b|d-1|S2|fact_pursuit",10,10,3,10,0.4,true,true,true,true
scriptedText.interrogation,"b|d-1|S2|motive_search",10,10,3,10,0.4,true,true,true,true
scriptedText.interrogation,"b|d-1|S2|empathy_approach",10,10,3,10,0.4,true,true,true,true
scriptedText.interrogation,"b|d-1|S3|fact_pursuit",10,10,3,10,0.4,true,true,true,true
scriptedText.interrogation,"b|d-1|S3|motive_search",10,10,3,10,0.4,true,true,true,true
scriptedText.interrogation,"b|d-1|S3|empathy_approach",10,10,3,10,0.4,true,true,true,true
scriptedText.interrogation,"b|d-1|S4|fact_pursuit",10,10,3,10,0.4,true,true,true,true
scriptedText.interrogation,"b|d-1|S4|motive_search",10,10,3,10,0.4,true,true,true,true
scriptedText.interrogation,"b|d-1|S4|empathy_approach",10,10,3,10,0.4,true,true,true,true
scriptedText.interrogation,"b|d-1|S5|fact_pursuit",10,10,3,10,0.4,true,true,true,true
scriptedText.interrogation,"b|d-1|S5|motive_search",10,10,3,10,0.4,true,true,true,true
scriptedText.interrogation,"b|d-1|S5|empathy_approach",10,10,3,10,0.4,true,true,true,true
scriptedText.interrogation,"a|d-2|S0|fact_pursuit",10,10,3,10,0.4,true,true,true,true
scriptedText.interrogation,"a|d-2|S0|motive_search",10,10,3,10,0.4,true,true,true,true
scriptedText.interrogation,"a|d-2|S0|empathy_approach",10,10,3,10,0.4,true,true,true,true
scriptedText.interrogation,"a|d-2|S1|fact_pursuit",10,10,3,10,0.4,true,true,true,true
scriptedText.interrogation,"a|d-2|S1|motive_search",10,10,3,10,0.4,true,true,true,true
scriptedText.interrogation,"a|d-2|S1|empathy_approach",10,10,3,10,0.4,true,true,true,true
scriptedText.interrogation,"a|d-2|S2|fact_pursuit",10,10,3,10,0.4,true,true,true,true
scriptedText.interrogation,"a|d-2|S2|motive_search",10,10,3,10,0.4,true,true,true,true
scriptedText.interrogation,"a|d-2|S2|empathy_approach",10,10,3,10,0.4,true,true,true,true
scriptedText.interrogation,"a|d-2|S3|fact_pursuit",10,10,3,10,0.4,true,true,true,true
scriptedText.interrogation,"a|d-2|S3|motive_search",10,10,3,10,0.4,true,true,true,true
scriptedText.interrogation,"a|d-2|S3|empathy_approach",10,10,3,10,0.4,true,true,true,true
scriptedText.interrogation,"a|d-2|S4|fact_pursuit",10,10,3,10,0.4,true,true,true,true
scriptedText.interrogation,"a|d-2|S4|motive_search",10,10,3,10,0.4,true,true,true,true
scriptedText.interrogation,"a|d-2|S4|empathy_approach",10,10,3,10,0.4,true,true,true,true
scriptedText.interrogation,"a|d-2|S5|fact_pursuit",10,10,3,10,0.4,true,true,true,true
scriptedText.interrogation,"a|d-2|S5|motive_search",10,10,3,10,0.4,true,true,true,true
scriptedText.interrogation,"a|d-2|S5|empathy_approach",10,10,3,10,0.4,true,true,true,true
scriptedText.interrogation,"b|d-2|S0|fact_pursuit",10,10,3,10,0.4,true,true,true,true
scriptedText.interrogation,"b|d-2|S0|motive_search",10,10,3,10,0.4,true,true,true,true
scriptedText.interrogation,"b|d-2|S0|empathy_approach",10,10,3,10,0.4,true,true,true,true
scriptedText.interrogation,"b|d-2|S1|fact_pursuit",10,10,3,10,0.4,true,true,true,true
scriptedText.interrogation,"b|d-2|S1|motive_search",10,10,3,10,0.4,true,true,true,true
scriptedText.interrogation,"b|d-2|S1|empathy_approach",10,10,3,10,0.4,true,true,true,true
scriptedText.interrogation,"b|d-2|S2|fact_pursuit",10,10,3,10,0.4,true,true,true,true
scriptedText.interrogation,"b|d-2|S2|motive_search",10,10,3,10,0.4,true,true,true,true
scriptedText.interrogation,"b|d-2|S2|empathy_approach",10,10,3,10,0.4,true,true,true,true
scriptedText.interrogation,"b|d-2|S3|fact_pursuit",10,10,3,10,0.4,true,true,true,true
scriptedText.interrogation,"b|d-2|S3|motive_search",10,10,3,10,0.4,true,true,true,true
scriptedText.interrogation,"b|d-2|S3|empathy_approach",10,10,3,10,0.4,true,true,true,true
scriptedText.interrogation,"b|d-2|S4|fact_pursuit",10,10,3,10,0.4,true,true,true,true
scriptedText.interrogation,"b|d-2|S4|motive_search",10,10,3,10,0.4,true,true,true,true
scriptedText.interrogation,"b|d-2|S4|empathy_approach",10,10,3,10,0.4,true,true,true,true
scriptedText.interrogation,"b|d-2|S5|fact_pursuit",10,10,3,10,0.4,true,true,true,true
scriptedText.interrogation,"b|d-2|S5|motive_search",10,10,3,10,0.4,true,true,true,true
scriptedText.interrogation,"b|d-2|S5|empathy_approach",10,10,3,10,0.4,true,true,true,true
scriptedText.interrogation,"a|h-d3|S0|fact_pursuit",10,10,3,10,0.4,true,true,true,true
scriptedText.interrogation,"a|h-d3|S0|motive_search",10,10,3,10,0.4,true,true,true,true
scriptedText.interrogation,"a|h-d3|S0|empathy_approach",10,10,3,10,0.4,true,true,true,true
scriptedText.interrogation,"a|h-d3|S1|fact_pursuit",10,10,3,10,0.4,true,true,true,true
scriptedText.interrogation,"a|h-d3|S1|motive_search",10,10,3,10,0.4,true,true,true,true
scriptedText.interrogation,"a|h-d3|S1|empathy_approach",10,10,3,10,0.4,true,true,true,true
scriptedText.interrogation,"a|h-d3|S2|fact_pursuit",10,10,3,10,0.4,true,true,true,true
scriptedText.interrogation,"a|h-d3|S2|motive_search",10,10,3,10,0.4,true,true,true,true
scriptedText.interrogation,"a|h-d3|S2|empathy_approach",10,10,3,10,0.4,true,true,true,true
scriptedText.interrogation,"a|h-d3|S3|fact_pursuit",10,10,3,10,0.4,true,true,true,true
scriptedText.interrogation,"a|h-d3|S3|motive_search",10,10,3,10,0.4,true,true,true,true
scriptedText.interrogation,"a|h-d3|S3|empathy_approach",10,10,3,10,0.4,true,true,true,true
scriptedText.interrogation,"a|h-d3|S4|fact_pursuit",10,10,3,10,0.4,true,true,true,true
scriptedText.interrogation,"a|h-d3|S4|motive_search",10,10,3,10,0.4,true,true,true,true
scriptedText.interrogation,"a|h-d3|S4|empathy_approach",10,10,3,10,0.4,true,true,true,true
scriptedText.interrogation,"a|h-d3|S5|fact_pursuit",10,10,3,10,0.4,true,true,true,true
scriptedText.interrogation,"a|h-d3|S5|motive_search",10,10,3,10,0.4,true,true,true,true
scriptedText.interrogation,"a|h-d3|S5|empathy_approach",10,10,3,10,0.4,true,true,true,true
scriptedText.interrogation,"b|h-d3|S0|fact_pursuit",10,10,3,10,0.4,true,true,true,true
scriptedText.interrogation,"b|h-d3|S0|motive_search",10,10,3,10,0.4,true,true,true,true
scriptedText.interrogation,"b|h-d3|S0|empathy_approach",10,10,3,10,0.4,true,true,true,true
scriptedText.interrogation,"b|h-d3|S1|fact_pursuit",10,10,3,10,0.4,true,true,true,true
scriptedText.interrogation,"b|h-d3|S1|motive_search",10,10,3,10,0.4,true,true,true,true
scriptedText.interrogation,"b|h-d3|S1|empathy_approach",10,10,3,10,0.4,true,true,true,true
scriptedText.interrogation,"b|h-d3|S2|fact_pursuit",10,10,3,10,0.4,true,true,true,true
scriptedText.interrogation,"b|h-d3|S2|motive_search",10,10,3,10,0.4,true,true,true,true
scriptedText.interrogation,"b|h-d3|S2|empathy_approach",10,10,3,10,0.4,true,true,true,true
scriptedText.interrogation,"b|h-d3|S3|fact_pursuit",10,10,3,10,0.4,true,true,true,true
scriptedText.interrogation,"b|h-d3|S3|motive_search",10,10,3,10,0.4,true,true,true,true
scriptedText.interrogation,"b|h-d3|S3|empathy_approach",10,10,3,10,0.4,true,true,true,true
scriptedText.interrogation,"b|h-d3|S4|fact_pursuit",10,10,3,10,0.4,true,true,true,true
scriptedText.interrogation,"b|h-d3|S4|motive_search",10,10,3,10,0.4,true,true,true,true
scriptedText.interrogation,"b|h-d3|S4|empathy_approach",10,10,3,10,0.4,true,true,true,true
scriptedText.interrogation,"b|h-d3|S5|fact_pursuit",10,10,3,10,0.4,true,true,true,true
scriptedText.interrogation,"b|h-d3|S5|motive_search",10,10,3,10,0.4,true,true,true,true
scriptedText.interrogation,"b|h-d3|S5|empathy_approach",10,10,3,10,0.4,true,true,true,true
scriptedText.interrogation,"a|h-d4|S0|fact_pursuit",10,10,3,10,0.4,true,true,true,true
scriptedText.interrogation,"a|h-d4|S0|motive_search",10,10,3,10,0.4,true,true,true,true
scriptedText.interrogation,"a|h-d4|S0|empathy_approach",10,10,3,10,0.4,true,true,true,true
scriptedText.interrogation,"a|h-d4|S1|fact_pursuit",10,10,3,10,0.4,true,true,true,true
scriptedText.interrogation,"a|h-d4|S1|motive_search",10,10,3,10,0.4,true,true,true,true
scriptedText.interrogation,"a|h-d4|S1|empathy_approach",10,10,3,10,0.4,true,true,true,true
scriptedText.interrogation,"a|h-d4|S2|fact_pursuit",10,10,3,10,0.4,true,true,true,true
scriptedText.interrogation,"a|h-d4|S2|motive_search",10,10,3,10,0.4,true,true,true,true
scriptedText.interrogation,"a|h-d4|S2|empathy_approach",10,10,3,10,0.4,true,true,true,true
scriptedText.interrogation,"a|h-d4|S3|fact_pursuit",10,10,3,10,0.4,true,true,true,true
scriptedText.interrogation,"a|h-d4|S3|motive_search",10,10,3,10,0.4,true,true,true,true
scriptedText.interrogation,"a|h-d4|S3|empathy_approach",10,10,3,10,0.4,true,true,true,true
scriptedText.interrogation,"a|h-d4|S4|fact_pursuit",10,10,3,10,0.4,true,true,true,true
scriptedText.interrogation,"a|h-d4|S4|motive_search",10,10,3,10,0.4,true,true,true,true
scriptedText.interrogation,"a|h-d4|S4|empathy_approach",10,10,3,10,0.4,true,true,true,true
scriptedText.interrogation,"a|h-d4|S5|fact_pursuit",10,10,3,10,0.4,true,true,true,true
scriptedText.interrogation,"a|h-d4|S5|motive_search",10,10,3,10,0.4,true,true,true,true
scriptedText.interrogation,"a|h-d4|S5|empathy_approach",10,10,3,10,0.4,true,true,true,true
scriptedText.interrogation,"b|h-d4|S0|fact_pursuit",10,10,3,10,0.4,true,true,true,true
scriptedText.interrogation,"b|h-d4|S0|motive_search",10,10,3,10,0.4,true,true,true,true
scriptedText.interrogation,"b|h-d4|S0|empathy_approach",10,10,3,10,0.4,true,true,true,true
scriptedText.interrogation,"b|h-d4|S1|fact_pursuit",10,10,3,10,0.4,true,true,true,true
scriptedText.interrogation,"b|h-d4|S1|motive_search",10,10,3,10,0.4,true,true,true,true
scriptedText.interrogation,"b|h-d4|S1|empathy_approach",10,10,3,10,0.4,true,true,true,true
scriptedText.interrogation,"b|h-d4|S2|fact_pursuit",10,10,3,10,0.4,true,true,true,true
scriptedText.interrogation,"b|h-d4|S2|motive_search",10,10,3,10,0.4,true,true,true,true
scriptedText.interrogation,"b|h-d4|S2|empathy_approach",10,10,3,10,0.4,true,true,true,true
scriptedText.interrogation,"b|h-d4|S3|fact_pursuit",10,10,3,10,0.4,true,true,true,true
scriptedText.interrogation,"b|h-d4|S3|motive_search",10,10,3,10,0.4,true,true,true,true
scriptedText.interrogation,"b|h-d4|S3|empathy_approach",10,10,3,10,0.4,true,true,true,true
scriptedText.interrogation,"b|h-d4|S4|fact_pursuit",10,10,3,10,0.4,true,true,true,true
scriptedText.interrogation,"b|h-d4|S4|motive_search",10,10,3,10,0.4,true,true,true,true
scriptedText.interrogation,"b|h-d4|S4|empathy_approach",10,10,3,10,0.4,true,true,true,true
scriptedText.interrogation,"b|h-d4|S5|fact_pursuit",10,10,3,10,0.4,true,true,true,true
scriptedText.interrogation,"b|h-d4|S5|motive_search",10,10,3,10,0.4,true,true,true,true
scriptedText.interrogation,"b|h-d4|S5|empathy_approach",10,10,3,10,0.4,true,true,true,true
interrogation_answers,"b|d-1|general|S0",10,10,3,10,0.4,true,true,true,true
interrogation_answers,"b|d-1|general|S1",10,10,3,10,0.4,true,true,true,true
interrogation_answers,"b|d-1|general|S2",10,10,3,10,0.4,true,true,true,true
interrogation_answers,"b|d-1|general|S3",10,10,3,10,0.4,true,true,true,true
interrogation_answers,"b|d-1|general|S4",10,10,3,10,0.4,true,true,true,true
interrogation_answers,"b|d-1|general|S5",10,10,3,10,0.4,true,true,true,true
interrogation_answers,"b|d-1|general|S0",10,10,3,10,0.4,true,true,true,true
interrogation_answers,"b|d-1|general|S1",10,10,3,10,0.4,true,true,true,true
interrogation_answers,"b|d-1|general|S2",10,10,3,10,0.4,true,true,true,true
interrogation_answers,"b|d-1|general|S3",10,10,3,10,0.4,true,true,true,true
interrogation_answers,"b|d-1|general|S4",10,10,3,10,0.4,true,true,true,true
interrogation_answers,"b|d-1|general|S5",10,10,3,10,0.4,true,true,true,true
interrogation_answers,"b|d-1|general|S0",10,10,3,10,0.4,true,true,true,true
interrogation_answers,"b|d-1|general|S1",10,10,3,10,0.4,true,true,true,true
interrogation_answers,"b|d-1|general|S2",10,10,3,10,0.4,true,true,true,true
interrogation_answers,"b|d-1|general|S3",10,10,3,10,0.4,true,true,true,true
interrogation_answers,"b|d-1|general|S4",10,10,3,10,0.4,true,true,true,true
interrogation_answers,"b|d-1|general|S5",10,10,3,10,0.4,true,true,true,true
interrogation_answers,"b|d-1|visit_route|S0",10,10,3,10,0.4,true,true,true,true
interrogation_answers,"b|d-1|visit_route|S1",10,10,3,10,0.4,true,true,true,true
interrogation_answers,"b|d-1|visit_route|S2",10,10,3,10,0.4,true,true,true,true
interrogation_answers,"b|d-1|visit_route|S3",10,10,3,10,0.4,true,true,true,true
interrogation_answers,"b|d-1|visit_route|S4",10,10,3,10,0.4,true,true,true,true
interrogation_answers,"b|d-1|visit_route|S5",10,10,3,10,0.4,true,true,true,true
interrogation_answers,"b|d-1|visit_route|S0",10,10,3,10,0.4,true,true,true,true
interrogation_answers,"b|d-1|visit_route|S1",10,10,3,10,0.4,true,true,true,true
interrogation_answers,"b|d-1|visit_route|S2",10,10,3,10,0.4,true,true,true,true
interrogation_answers,"b|d-1|visit_route|S3",10,10,3,10,0.4,true,true,true,true
interrogation_answers,"b|d-1|visit_route|S4",10,10,3,10,0.4,true,true,true,true
interrogation_answers,"b|d-1|visit_route|S5",10,10,3,10,0.4,true,true,true,true
interrogation_answers,"b|d-1|visit_route|S0",10,10,3,10,0.4,true,true,true,true
interrogation_answers,"b|d-1|visit_route|S1",10,10,3,10,0.4,true,true,true,true
interrogation_answers,"b|d-1|visit_route|S2",10,10,3,10,0.4,true,true,true,true
interrogation_answers,"b|d-1|visit_route|S3",10,10,3,10,0.4,true,true,true,true
interrogation_answers,"b|d-1|visit_route|S4",10,10,3,10,0.4,true,true,true,true
interrogation_answers,"b|d-1|visit_route|S5",10,10,3,10,0.4,true,true,true,true
interrogation_answers,"b|d-1|call_record|S0",10,10,3,10,0.4,true,true,true,true
interrogation_answers,"b|d-1|call_record|S1",10,10,3,10,0.4,true,true,true,true
interrogation_answers,"b|d-1|call_record|S2",10,10,3,10,0.4,true,true,true,true
interrogation_answers,"b|d-1|call_record|S3",10,10,3,10,0.4,true,true,true,true
interrogation_answers,"b|d-1|call_record|S4",10,10,3,10,0.4,true,true,true,true
interrogation_answers,"b|d-1|call_record|S5",10,10,3,10,0.4,true,true,true,true
interrogation_answers,"b|d-1|call_record|S0",10,10,3,10,0.4,true,true,true,true
interrogation_answers,"b|d-1|call_record|S1",10,10,3,10,0.4,true,true,true,true
interrogation_answers,"b|d-1|call_record|S2",10,10,3,10,0.4,true,true,true,true
interrogation_answers,"b|d-1|call_record|S3",10,10,3,10,0.4,true,true,true,true
interrogation_answers,"b|d-1|call_record|S4",10,10,3,10,0.4,true,true,true,true
interrogation_answers,"b|d-1|call_record|S5",10,10,3,10,0.4,true,true,true,true
interrogation_answers,"b|d-1|call_record|S0",10,10,3,10,0.4,true,true,true,true
interrogation_answers,"b|d-1|call_record|S1",10,10,3,10,0.4,true,true,true,true
interrogation_answers,"b|d-1|call_record|S2",10,10,3,10,0.4,true,true,true,true
interrogation_answers,"b|d-1|call_record|S3",10,10,3,10,0.4,true,true,true,true
interrogation_answers,"b|d-1|call_record|S4",10,10,3,10,0.4,true,true,true,true
interrogation_answers,"b|d-1|call_record|S5",10,10,3,10,0.4,true,true,true,true
interrogation_answers,"b|d-1|family_items|S0",10,10,3,10,0.4,true,true,true,true
interrogation_answers,"b|d-1|family_items|S1",10,10,3,10,0.4,true,true,true,true
interrogation_answers,"b|d-1|family_items|S2",10,10,3,10,0.4,true,true,true,true
interrogation_answers,"b|d-1|family_items|S3",10,10,3,10,0.4,true,true,true,true
interrogation_answers,"b|d-1|family_items|S4",10,10,3,10,0.4,true,true,true,true
interrogation_answers,"b|d-1|family_items|S5",10,10,3,10,0.4,true,true,true,true
interrogation_answers,"b|d-1|family_items|S0",10,10,3,10,0.4,true,true,true,true
interrogation_answers,"b|d-1|family_items|S1",10,10,3,10,0.4,true,true,true,true
interrogation_answers,"b|d-1|family_items|S2",10,10,3,10,0.4,true,true,true,true
interrogation_answers,"b|d-1|family_items|S3",10,10,3,10,0.4,true,true,true,true
interrogation_answers,"b|d-1|family_items|S4",10,10,3,10,0.4,true,true,true,true
interrogation_answers,"b|d-1|family_items|S5",10,10,3,10,0.4,true,true,true,true
interrogation_answers,"b|d-1|family_items|S0",10,10,3,10,0.4,true,true,true,true
interrogation_answers,"b|d-1|family_items|S1",10,10,3,10,0.4,true,true,true,true
interrogation_answers,"b|d-1|family_items|S2",10,10,3,10,0.4,true,true,true,true
interrogation_answers,"b|d-1|family_items|S3",10,10,3,10,0.4,true,true,true,true
interrogation_answers,"b|d-1|family_items|S4",10,10,3,10,0.4,true,true,true,true
interrogation_answers,"b|d-1|family_items|S5",10,10,3,10,0.4,true,true,true,true
interrogation_answers,"b|d-1|affair_denial|S0",10,10,3,10,0.4,true,true,true,true
interrogation_answers,"b|d-1|affair_denial|S1",10,10,3,10,0.4,true,true,true,true
interrogation_answers,"b|d-1|affair_denial|S2",10,10,3,10,0.4,true,true,true,true
interrogation_answers,"b|d-1|affair_denial|S3",10,10,3,10,0.4,true,true,true,true
interrogation_answers,"b|d-1|affair_denial|S4",10,10,3,10,0.4,true,true,true,true
interrogation_answers,"b|d-1|affair_denial|S5",10,10,3,10,0.4,true,true,true,true
interrogation_answers,"b|d-1|affair_denial|S0",10,10,3,10,0.4,true,true,true,true
interrogation_answers,"b|d-1|affair_denial|S1",10,10,3,10,0.4,true,true,true,true
interrogation_answers,"b|d-1|affair_denial|S2",10,10,3,10,0.4,true,true,true,true
interrogation_answers,"b|d-1|affair_denial|S3",10,10,3,10,0.4,true,true,true,true
interrogation_answers,"b|d-1|affair_denial|S4",10,10,3,10,0.4,true,true,true,true
interrogation_answers,"b|d-1|affair_denial|S5",10,10,3,10,0.4,true,true,true,true
interrogation_answers,"b|d-1|affair_denial|S0",10,10,3,10,0.4,true,true,true,true
interrogation_answers,"b|d-1|affair_denial|S1",10,10,3,10,0.4,true,true,true,true
interrogation_answers,"b|d-1|affair_denial|S2",10,10,3,10,0.4,true,true,true,true
interrogation_answers,"b|d-1|affair_denial|S3",10,10,3,10,0.4,true,true,true,true
interrogation_answers,"b|d-1|affair_denial|S4",10,10,3,10,0.4,true,true,true,true
interrogation_answers,"b|d-1|affair_denial|S5",10,10,3,10,0.4,true,true,true,true
interrogation_answers,"b|d-1|concealment_reason|S0",10,10,3,10,0.4,true,true,true,true
interrogation_answers,"b|d-1|concealment_reason|S1",10,10,3,10,0.4,true,true,true,true
interrogation_answers,"b|d-1|concealment_reason|S2",10,10,3,10,0.4,true,true,true,true
interrogation_answers,"b|d-1|concealment_reason|S3",10,10,3,10,0.4,true,true,true,true
interrogation_answers,"b|d-1|concealment_reason|S4",10,10,3,10,0.4,true,true,true,true
interrogation_answers,"b|d-1|concealment_reason|S5",10,10,3,10,0.4,true,true,true,true
interrogation_answers,"b|d-1|concealment_reason|S0",10,10,3,10,0.4,true,true,true,true
interrogation_answers,"b|d-1|concealment_reason|S1",10,10,3,10,0.4,true,true,true,true
interrogation_answers,"b|d-1|concealment_reason|S2",10,10,3,10,0.4,true,true,true,true
interrogation_answers,"b|d-1|concealment_reason|S3",10,10,3,10,0.4,true,true,true,true
interrogation_answers,"b|d-1|concealment_reason|S4",10,10,3,10,0.4,true,true,true,true
interrogation_answers,"b|d-1|concealment_reason|S5",10,10,3,10,0.4,true,true,true,true
interrogation_answers,"b|d-1|concealment_reason|S0",10,10,3,10,0.4,true,true,true,true
interrogation_answers,"b|d-1|concealment_reason|S1",10,10,3,10,0.4,true,true,true,true
interrogation_answers,"b|d-1|concealment_reason|S2",10,10,3,10,0.4,true,true,true,true
interrogation_answers,"b|d-1|concealment_reason|S3",10,10,3,10,0.4,true,true,true,true
interrogation_answers,"b|d-1|concealment_reason|S4",10,10,3,10,0.4,true,true,true,true
interrogation_answers,"b|d-1|concealment_reason|S5",10,10,3,10,0.4,true,true,true,true
interrogation_answers,"a|d-1|general|S0",10,10,3,10,0.4,true,true,true,true
interrogation_answers,"a|d-1|general|S1",10,10,3,10,0.4,true,true,true,true
interrogation_answers,"a|d-1|general|S2",10,10,3,10,0.4,true,true,true,true
interrogation_answers,"a|d-1|general|S3",10,10,3,10,0.4,true,true,true,true
interrogation_answers,"a|d-1|general|S4",10,10,3,10,0.4,true,true,true,true
interrogation_answers,"a|d-1|general|S5",10,10,3,10,0.4,true,true,true,true
interrogation_answers,"a|d-1|general|S0",10,10,3,10,0.4,true,true,true,true
interrogation_answers,"a|d-1|general|S1",10,10,3,10,0.4,true,true,true,true
interrogation_answers,"a|d-1|general|S2",10,10,3,10,0.4,true,true,true,true
interrogation_answers,"a|d-1|general|S3",10,10,3,10,0.4,true,true,true,true
interrogation_answers,"a|d-1|general|S4",10,10,3,10,0.4,true,true,true,true
interrogation_answers,"a|d-1|general|S5",10,10,3,10,0.4,true,true,true,true
interrogation_answers,"a|d-1|general|S0",10,10,3,10,0.4,true,true,true,true
interrogation_answers,"a|d-1|general|S1",10,10,3,10,0.4,true,true,true,true
interrogation_answers,"a|d-1|general|S2",10,10,3,10,0.4,true,true,true,true
interrogation_answers,"a|d-1|general|S3",10,10,3,10,0.4,true,true,true,true
interrogation_answers,"a|d-1|general|S4",10,10,3,10,0.4,true,true,true,true
interrogation_answers,"a|d-1|general|S5",10,10,3,10,0.4,true,true,true,true
interrogation_answers,"a|d-1|visit_route|S0",10,10,3,10,0.4,true,true,true,true
interrogation_answers,"a|d-1|visit_route|S1",10,10,3,10,0.4,true,true,true,true
interrogation_answers,"a|d-1|visit_route|S2",10,10,3,10,0.4,true,true,true,true
interrogation_answers,"a|d-1|visit_route|S3",10,10,3,10,0.4,true,true,true,true
interrogation_answers,"a|d-1|visit_route|S4",10,10,3,10,0.4,true,true,true,true
interrogation_answers,"a|d-1|visit_route|S5",10,10,3,10,0.4,true,true,true,true
interrogation_answers,"a|d-1|visit_route|S0",10,10,3,10,0.4,true,true,true,true
interrogation_answers,"a|d-1|visit_route|S1",10,10,3,10,0.4,true,true,true,true
interrogation_answers,"a|d-1|visit_route|S2",10,10,3,10,0.4,true,true,true,true
interrogation_answers,"a|d-1|visit_route|S3",10,10,3,10,0.4,true,true,true,true
interrogation_answers,"a|d-1|visit_route|S4",10,10,3,10,0.4,true,true,true,true
interrogation_answers,"a|d-1|visit_route|S5",10,10,3,10,0.4,true,true,true,true
interrogation_answers,"a|d-1|visit_route|S0",10,10,3,10,0.4,true,true,true,true
interrogation_answers,"a|d-1|visit_route|S1",10,10,3,10,0.4,true,true,true,true
interrogation_answers,"a|d-1|visit_route|S2",10,10,3,10,0.4,true,true,true,true
interrogation_answers,"a|d-1|visit_route|S3",10,10,3,10,0.4,true,true,true,true
interrogation_answers,"a|d-1|visit_route|S4",10,10,3,10,0.4,true,true,true,true
interrogation_answers,"a|d-1|visit_route|S5",10,10,3,10,0.4,true,true,true,true
interrogation_answers,"a|d-1|call_record|S0",10,10,3,10,0.4,true,true,true,true
interrogation_answers,"a|d-1|call_record|S1",10,10,3,10,0.4,true,true,true,true
interrogation_answers,"a|d-1|call_record|S2",10,10,3,10,0.4,true,true,true,true
interrogation_answers,"a|d-1|call_record|S3",10,10,3,10,0.4,true,true,true,true
interrogation_answers,"a|d-1|call_record|S4",10,10,3,10,0.4,true,true,true,true
interrogation_answers,"a|d-1|call_record|S5",10,10,3,10,0.4,true,true,true,true
interrogation_answers,"a|d-1|call_record|S0",10,10,3,10,0.4,true,true,true,true
interrogation_answers,"a|d-1|call_record|S1",10,10,3,10,0.4,true,true,true,true
interrogation_answers,"a|d-1|call_record|S2",10,10,3,10,0.4,true,true,true,true
interrogation_answers,"a|d-1|call_record|S3",10,10,3,10,0.4,true,true,true,true
interrogation_answers,"a|d-1|call_record|S4",10,10,3,10,0.4,true,true,true,true
interrogation_answers,"a|d-1|call_record|S5",10,10,3,10,0.4,true,true,true,true
interrogation_answers,"a|d-1|call_record|S0",10,10,3,10,0.4,true,true,true,true
interrogation_answers,"a|d-1|call_record|S1",10,10,3,10,0.4,true,true,true,true
interrogation_answers,"a|d-1|call_record|S2",10,10,3,10,0.4,true,true,true,true
interrogation_answers,"a|d-1|call_record|S3",10,10,3,10,0.4,true,true,true,true
interrogation_answers,"a|d-1|call_record|S4",10,10,3,10,0.4,true,true,true,true
interrogation_answers,"a|d-1|call_record|S5",10,10,3,10,0.4,true,true,true,true
interrogation_answers,"a|d-1|family_items|S0",10,10,3,10,0.4,true,true,true,true
interrogation_answers,"a|d-1|family_items|S1",10,10,3,10,0.4,true,true,true,true
interrogation_answers,"a|d-1|family_items|S2",10,10,3,10,0.4,true,true,true,true
interrogation_answers,"a|d-1|family_items|S3",10,10,3,10,0.4,true,true,true,true
interrogation_answers,"a|d-1|family_items|S4",10,10,3,10,0.4,true,true,true,true
interrogation_answers,"a|d-1|family_items|S5",10,10,3,10,0.4,true,true,true,true
interrogation_answers,"a|d-1|family_items|S0",10,10,3,10,0.4,true,true,true,true
interrogation_answers,"a|d-1|family_items|S1",10,10,3,10,0.4,true,true,true,true
interrogation_answers,"a|d-1|family_items|S2",10,10,3,10,0.4,true,true,true,true
interrogation_answers,"a|d-1|family_items|S3",10,10,3,10,0.4,true,true,true,true
interrogation_answers,"a|d-1|family_items|S4",10,10,3,10,0.4,true,true,true,true
interrogation_answers,"a|d-1|family_items|S5",10,10,3,10,0.4,true,true,true,true
interrogation_answers,"a|d-1|family_items|S0",10,10,3,10,0.4,true,true,true,true
interrogation_answers,"a|d-1|family_items|S1",10,10,3,10,0.4,true,true,true,true
interrogation_answers,"a|d-1|family_items|S2",10,10,3,10,0.4,true,true,true,true
interrogation_answers,"a|d-1|family_items|S3",10,10,3,10,0.4,true,true,true,true
interrogation_answers,"a|d-1|family_items|S4",10,10,3,10,0.4,true,true,true,true
interrogation_answers,"a|d-1|family_items|S5",10,10,3,10,0.4,true,true,true,true
interrogation_answers,"a|d-1|affair_denial|S0",10,10,3,10,0.4,true,true,true,true
interrogation_answers,"a|d-1|affair_denial|S1",10,10,3,10,0.4,true,true,true,true
interrogation_answers,"a|d-1|affair_denial|S2",10,10,3,10,0.4,true,true,true,true
interrogation_answers,"a|d-1|affair_denial|S3",10,10,3,10,0.4,true,true,true,true
interrogation_answers,"a|d-1|affair_denial|S4",10,10,3,10,0.4,true,true,true,true
interrogation_answers,"a|d-1|affair_denial|S5",10,10,3,10,0.4,true,true,true,true
interrogation_answers,"a|d-1|affair_denial|S0",10,10,3,10,0.4,true,true,true,true
interrogation_answers,"a|d-1|affair_denial|S1",10,10,3,10,0.4,true,true,true,true
interrogation_answers,"a|d-1|affair_denial|S2",10,10,3,10,0.4,true,true,true,true
interrogation_answers,"a|d-1|affair_denial|S3",10,10,3,10,0.4,true,true,true,true
interrogation_answers,"a|d-1|affair_denial|S4",10,10,3,10,0.4,true,true,true,true
interrogation_answers,"a|d-1|affair_denial|S5",10,10,3,10,0.4,true,true,true,true
interrogation_answers,"a|d-1|affair_denial|S0",10,10,3,10,0.4,true,true,true,true
interrogation_answers,"a|d-1|affair_denial|S1",10,10,3,10,0.4,true,true,true,true
interrogation_answers,"a|d-1|affair_denial|S2",10,10,3,10,0.4,true,true,true,true
interrogation_answers,"a|d-1|affair_denial|S3",10,10,3,10,0.4,true,true,true,true
interrogation_answers,"a|d-1|affair_denial|S4",10,10,3,10,0.4,true,true,true,true
interrogation_answers,"a|d-1|affair_denial|S5",10,10,3,10,0.4,true,true,true,true
interrogation_answers,"a|d-1|concealment_reason|S0",10,10,3,10,0.4,true,true,true,true
interrogation_answers,"a|d-1|concealment_reason|S1",10,10,3,10,0.4,true,true,true,true
interrogation_answers,"a|d-1|concealment_reason|S2",10,10,3,10,0.4,true,true,true,true
interrogation_answers,"a|d-1|concealment_reason|S3",10,10,3,10,0.4,true,true,true,true
interrogation_answers,"a|d-1|concealment_reason|S4",10,10,3,10,0.4,true,true,true,true
interrogation_answers,"a|d-1|concealment_reason|S5",10,10,3,10,0.4,true,true,true,true
interrogation_answers,"a|d-1|concealment_reason|S0",10,10,3,10,0.4,true,true,true,true
interrogation_answers,"a|d-1|concealment_reason|S1",10,10,3,10,0.4,true,true,true,true
interrogation_answers,"a|d-1|concealment_reason|S2",10,10,3,10,0.4,true,true,true,true
interrogation_answers,"a|d-1|concealment_reason|S3",10,10,3,10,0.4,true,true,true,true
interrogation_answers,"a|d-1|concealment_reason|S4",10,10,3,10,0.4,true,true,true,true
interrogation_answers,"a|d-1|concealment_reason|S5",10,10,3,10,0.4,true,true,true,true
interrogation_answers,"a|d-1|concealment_reason|S0",10,10,3,10,0.4,true,true,true,true
interrogation_answers,"a|d-1|concealment_reason|S1",10,10,3,10,0.4,true,true,true,true
interrogation_answers,"a|d-1|concealment_reason|S2",10,10,3,10,0.4,true,true,true,true
interrogation_answers,"a|d-1|concealment_reason|S3",10,10,3,10,0.4,true,true,true,true
interrogation_answers,"a|d-1|concealment_reason|S4",10,10,3,10,0.4,true,true,true,true
interrogation_answers,"a|d-1|concealment_reason|S5",10,10,3,10,0.4,true,true,true,true
interrogation_answers,"b|d-2|general|S0",10,10,3,10,0.4,true,true,true,true
interrogation_answers,"b|d-2|general|S1",10,10,3,10,0.4,true,true,true,true
interrogation_answers,"b|d-2|general|S2",10,10,3,10,0.4,true,true,true,true
interrogation_answers,"b|d-2|general|S3",10,10,3,10,0.4,true,true,true,true
interrogation_answers,"b|d-2|general|S4",10,10,3,10,0.4,true,true,true,true
interrogation_answers,"b|d-2|general|S5",10,10,3,10,0.4,true,true,true,true
interrogation_answers,"b|d-2|general|S0",10,10,3,10,0.4,true,true,true,true
interrogation_answers,"b|d-2|general|S1",10,10,3,10,0.4,true,true,true,true
interrogation_answers,"b|d-2|general|S2",10,10,3,10,0.4,true,true,true,true
interrogation_answers,"b|d-2|general|S3",10,10,3,10,0.4,true,true,true,true
interrogation_answers,"b|d-2|general|S4",10,10,3,10,0.4,true,true,true,true
interrogation_answers,"b|d-2|general|S5",10,10,3,10,0.4,true,true,true,true
interrogation_answers,"b|d-2|general|S0",10,10,3,10,0.4,true,true,true,true
interrogation_answers,"b|d-2|general|S1",10,10,3,10,0.4,true,true,true,true
interrogation_answers,"b|d-2|general|S2",10,10,3,10,0.4,true,true,true,true
interrogation_answers,"b|d-2|general|S3",10,10,3,10,0.4,true,true,true,true
interrogation_answers,"b|d-2|general|S4",10,10,3,10,0.4,true,true,true,true
interrogation_answers,"b|d-2|general|S5",10,10,3,10,0.4,true,true,true,true
interrogation_answers,"b|d-2|cash_withdrawal|S0",10,10,3,10,0.4,true,true,true,true
interrogation_answers,"b|d-2|cash_withdrawal|S1",10,10,3,10,0.4,true,true,true,true
interrogation_answers,"b|d-2|cash_withdrawal|S2",10,10,3,10,0.4,true,true,true,true
interrogation_answers,"b|d-2|cash_withdrawal|S3",10,10,3,10,0.4,true,true,true,true
interrogation_answers,"b|d-2|cash_withdrawal|S4",10,10,3,10,0.4,true,true,true,true
interrogation_answers,"b|d-2|cash_withdrawal|S5",10,10,3,10,0.4,true,true,true,true
interrogation_answers,"b|d-2|cash_withdrawal|S0",10,10,3,10,0.4,true,true,true,true
interrogation_answers,"b|d-2|cash_withdrawal|S1",10,10,3,10,0.4,true,true,true,true
interrogation_answers,"b|d-2|cash_withdrawal|S2",10,10,3,10,0.4,true,true,true,true
interrogation_answers,"b|d-2|cash_withdrawal|S3",10,10,3,10,0.4,true,true,true,true
interrogation_answers,"b|d-2|cash_withdrawal|S4",10,10,3,10,0.4,true,true,true,true
interrogation_answers,"b|d-2|cash_withdrawal|S5",10,10,3,10,0.4,true,true,true,true
interrogation_answers,"b|d-2|cash_withdrawal|S0",10,10,3,10,0.4,true,true,true,true
interrogation_answers,"b|d-2|cash_withdrawal|S1",10,10,3,10,0.4,true,true,true,true
interrogation_answers,"b|d-2|cash_withdrawal|S2",10,10,3,10,0.4,true,true,true,true
interrogation_answers,"b|d-2|cash_withdrawal|S3",10,10,3,10,0.4,true,true,true,true
interrogation_answers,"b|d-2|cash_withdrawal|S4",10,10,3,10,0.4,true,true,true,true
interrogation_answers,"b|d-2|cash_withdrawal|S5",10,10,3,10,0.4,true,true,true,true
interrogation_answers,"b|d-2|private_fund_boundary|S0",10,10,3,10,0.4,true,true,true,true
interrogation_answers,"b|d-2|private_fund_boundary|S1",10,10,3,10,0.4,true,true,true,true
interrogation_answers,"b|d-2|private_fund_boundary|S2",10,10,3,10,0.4,true,true,true,true
interrogation_answers,"b|d-2|private_fund_boundary|S3",10,10,3,10,0.4,true,true,true,true
interrogation_answers,"b|d-2|private_fund_boundary|S4",10,10,3,10,0.4,true,true,true,true
interrogation_answers,"b|d-2|private_fund_boundary|S5",10,10,3,10,0.4,true,true,true,true
interrogation_answers,"b|d-2|private_fund_boundary|S0",10,10,3,10,0.4,true,true,true,true
interrogation_answers,"b|d-2|private_fund_boundary|S1",10,10,3,10,0.4,true,true,true,true
interrogation_answers,"b|d-2|private_fund_boundary|S2",10,10,3,10,0.4,true,true,true,true
interrogation_answers,"b|d-2|private_fund_boundary|S3",10,10,3,10,0.4,true,true,true,true
interrogation_answers,"b|d-2|private_fund_boundary|S4",10,10,3,10,0.4,true,true,true,true
interrogation_answers,"b|d-2|private_fund_boundary|S5",10,10,3,10,0.4,true,true,true,true
interrogation_answers,"b|d-2|private_fund_boundary|S0",10,10,3,10,0.4,true,true,true,true
interrogation_answers,"b|d-2|private_fund_boundary|S1",10,10,3,10,0.4,true,true,true,true
interrogation_answers,"b|d-2|private_fund_boundary|S2",10,10,3,10,0.4,true,true,true,true
interrogation_answers,"b|d-2|private_fund_boundary|S3",10,10,3,10,0.4,true,true,true,true
interrogation_answers,"b|d-2|private_fund_boundary|S4",10,10,3,10,0.4,true,true,true,true
interrogation_answers,"b|d-2|private_fund_boundary|S5",10,10,3,10,0.4,true,true,true,true
interrogation_answers,"b|d-2|recipient_reason|S0",10,10,3,10,0.4,true,true,true,true
interrogation_answers,"b|d-2|recipient_reason|S1",10,10,3,10,0.4,true,true,true,true
interrogation_answers,"b|d-2|recipient_reason|S2",10,10,3,10,0.4,true,true,true,true
interrogation_answers,"b|d-2|recipient_reason|S3",10,10,3,10,0.4,true,true,true,true
interrogation_answers,"b|d-2|recipient_reason|S4",10,10,3,10,0.4,true,true,true,true
interrogation_answers,"b|d-2|recipient_reason|S5",10,10,3,10,0.4,true,true,true,true
interrogation_answers,"b|d-2|recipient_reason|S0",10,10,3,10,0.4,true,true,true,true
interrogation_answers,"b|d-2|recipient_reason|S1",10,10,3,10,0.4,true,true,true,true
interrogation_answers,"b|d-2|recipient_reason|S2",10,10,3,10,0.4,true,true,true,true
interrogation_answers,"b|d-2|recipient_reason|S3",10,10,3,10,0.4,true,true,true,true
interrogation_answers,"b|d-2|recipient_reason|S4",10,10,3,10,0.4,true,true,true,true
interrogation_answers,"b|d-2|recipient_reason|S5",10,10,3,10,0.4,true,true,true,true
interrogation_answers,"b|d-2|recipient_reason|S0",10,10,3,10,0.4,true,true,true,true
interrogation_answers,"b|d-2|recipient_reason|S1",10,10,3,10,0.4,true,true,true,true
interrogation_answers,"b|d-2|recipient_reason|S2",10,10,3,10,0.4,true,true,true,true
interrogation_answers,"b|d-2|recipient_reason|S3",10,10,3,10,0.4,true,true,true,true
interrogation_answers,"b|d-2|recipient_reason|S4",10,10,3,10,0.4,true,true,true,true
interrogation_answers,"b|d-2|recipient_reason|S5",10,10,3,10,0.4,true,true,true,true
interrogation_answers,"b|d-2|consent_boundary|S0",10,10,3,10,0.4,true,true,true,true
interrogation_answers,"b|d-2|consent_boundary|S1",10,10,3,10,0.4,true,true,true,true
interrogation_answers,"b|d-2|consent_boundary|S2",10,10,3,10,0.4,true,true,true,true
interrogation_answers,"b|d-2|consent_boundary|S3",10,10,3,10,0.4,true,true,true,true
interrogation_answers,"b|d-2|consent_boundary|S4",10,10,3,10,0.4,true,true,true,true
interrogation_answers,"b|d-2|consent_boundary|S5",10,10,3,10,0.4,true,true,true,true
interrogation_answers,"b|d-2|consent_boundary|S0",10,10,3,10,0.4,true,true,true,true
interrogation_answers,"b|d-2|consent_boundary|S1",10,10,3,10,0.4,true,true,true,true
interrogation_answers,"b|d-2|consent_boundary|S2",10,10,3,10,0.4,true,true,true,true
interrogation_answers,"b|d-2|consent_boundary|S3",10,10,3,10,0.4,true,true,true,true
interrogation_answers,"b|d-2|consent_boundary|S4",10,10,3,10,0.4,true,true,true,true
interrogation_answers,"b|d-2|consent_boundary|S5",10,10,3,10,0.4,true,true,true,true
interrogation_answers,"b|d-2|consent_boundary|S0",10,10,3,10,0.4,true,true,true,true
interrogation_answers,"b|d-2|consent_boundary|S1",10,10,3,10,0.4,true,true,true,true
interrogation_answers,"b|d-2|consent_boundary|S2",10,10,3,10,0.4,true,true,true,true
interrogation_answers,"b|d-2|consent_boundary|S3",10,10,3,10,0.4,true,true,true,true
interrogation_answers,"b|d-2|consent_boundary|S4",10,10,3,10,0.4,true,true,true,true
interrogation_answers,"b|d-2|consent_boundary|S5",10,10,3,10,0.4,true,true,true,true
interrogation_answers,"a|d-2|general|S0",10,10,3,10,0.4,true,true,true,true
interrogation_answers,"a|d-2|general|S1",10,10,3,10,0.4,true,true,true,true
interrogation_answers,"a|d-2|general|S2",10,10,3,10,0.4,true,true,true,true
interrogation_answers,"a|d-2|general|S3",10,10,3,10,0.4,true,true,true,true
interrogation_answers,"a|d-2|general|S4",10,10,3,10,0.4,true,true,true,true
interrogation_answers,"a|d-2|general|S5",10,10,3,10,0.4,true,true,true,true
interrogation_answers,"a|d-2|general|S0",10,10,3,10,0.4,true,true,true,true
interrogation_answers,"a|d-2|general|S1",10,10,3,10,0.4,true,true,true,true
interrogation_answers,"a|d-2|general|S2",10,10,3,10,0.4,true,true,true,true
interrogation_answers,"a|d-2|general|S3",10,10,3,10,0.4,true,true,true,true
interrogation_answers,"a|d-2|general|S4",10,10,3,10,0.4,true,true,true,true
interrogation_answers,"a|d-2|general|S5",10,10,3,10,0.4,true,true,true,true
interrogation_answers,"a|d-2|general|S0",10,10,3,10,0.4,true,true,true,true
interrogation_answers,"a|d-2|general|S1",10,10,3,10,0.4,true,true,true,true
interrogation_answers,"a|d-2|general|S2",10,10,3,10,0.4,true,true,true,true
interrogation_answers,"a|d-2|general|S3",10,10,3,10,0.4,true,true,true,true
interrogation_answers,"a|d-2|general|S4",10,10,3,10,0.4,true,true,true,true
interrogation_answers,"a|d-2|general|S5",10,10,3,10,0.4,true,true,true,true
interrogation_answers,"a|d-2|cash_withdrawal|S0",10,10,3,10,0.4,true,true,true,true
interrogation_answers,"a|d-2|cash_withdrawal|S1",10,10,3,10,0.4,true,true,true,true
interrogation_answers,"a|d-2|cash_withdrawal|S2",10,10,3,10,0.4,true,true,true,true
interrogation_answers,"a|d-2|cash_withdrawal|S3",10,10,3,10,0.4,true,true,true,true
interrogation_answers,"a|d-2|cash_withdrawal|S4",10,10,3,10,0.4,true,true,true,true
interrogation_answers,"a|d-2|cash_withdrawal|S5",10,10,3,10,0.4,true,true,true,true
interrogation_answers,"a|d-2|cash_withdrawal|S0",10,10,3,10,0.4,true,true,true,true
interrogation_answers,"a|d-2|cash_withdrawal|S1",10,10,3,10,0.4,true,true,true,true
interrogation_answers,"a|d-2|cash_withdrawal|S2",10,10,3,10,0.4,true,true,true,true
interrogation_answers,"a|d-2|cash_withdrawal|S3",10,10,3,10,0.4,true,true,true,true
interrogation_answers,"a|d-2|cash_withdrawal|S4",10,10,3,10,0.4,true,true,true,true
interrogation_answers,"a|d-2|cash_withdrawal|S5",10,10,3,10,0.4,true,true,true,true
interrogation_answers,"a|d-2|cash_withdrawal|S0",10,10,3,10,0.4,true,true,true,true
interrogation_answers,"a|d-2|cash_withdrawal|S1",10,10,3,10,0.4,true,true,true,true
interrogation_answers,"a|d-2|cash_withdrawal|S2",10,10,3,10,0.4,true,true,true,true
interrogation_answers,"a|d-2|cash_withdrawal|S3",10,10,3,10,0.4,true,true,true,true
interrogation_answers,"a|d-2|cash_withdrawal|S4",10,10,3,10,0.4,true,true,true,true
interrogation_answers,"a|d-2|cash_withdrawal|S5",10,10,3,10,0.4,true,true,true,true
interrogation_answers,"a|d-2|private_fund_boundary|S0",10,10,3,10,0.4,true,true,true,true
interrogation_answers,"a|d-2|private_fund_boundary|S1",10,10,3,10,0.4,true,true,true,true
interrogation_answers,"a|d-2|private_fund_boundary|S2",10,10,3,10,0.4,true,true,true,true
interrogation_answers,"a|d-2|private_fund_boundary|S3",10,10,3,10,0.4,true,true,true,true
interrogation_answers,"a|d-2|private_fund_boundary|S4",10,10,3,10,0.4,true,true,true,true
interrogation_answers,"a|d-2|private_fund_boundary|S5",10,10,3,10,0.4,true,true,true,true
interrogation_answers,"a|d-2|private_fund_boundary|S0",10,10,3,10,0.4,true,true,true,true
interrogation_answers,"a|d-2|private_fund_boundary|S1",10,10,3,10,0.4,true,true,true,true
interrogation_answers,"a|d-2|private_fund_boundary|S2",10,10,3,10,0.4,true,true,true,true
interrogation_answers,"a|d-2|private_fund_boundary|S3",10,10,3,10,0.4,true,true,true,true
interrogation_answers,"a|d-2|private_fund_boundary|S4",10,10,3,10,0.4,true,true,true,true
interrogation_answers,"a|d-2|private_fund_boundary|S5",10,10,3,10,0.4,true,true,true,true
interrogation_answers,"a|d-2|private_fund_boundary|S0",10,10,3,10,0.4,true,true,true,true
interrogation_answers,"a|d-2|private_fund_boundary|S1",10,10,3,10,0.4,true,true,true,true
interrogation_answers,"a|d-2|private_fund_boundary|S2",10,10,3,10,0.4,true,true,true,true
interrogation_answers,"a|d-2|private_fund_boundary|S3",10,10,3,10,0.4,true,true,true,true
interrogation_answers,"a|d-2|private_fund_boundary|S4",10,10,3,10,0.4,true,true,true,true
interrogation_answers,"a|d-2|private_fund_boundary|S5",10,10,3,10,0.4,true,true,true,true
interrogation_answers,"a|d-2|recipient_reason|S0",10,10,3,10,0.4,true,true,true,true
interrogation_answers,"a|d-2|recipient_reason|S1",10,10,3,10,0.4,true,true,true,true
interrogation_answers,"a|d-2|recipient_reason|S2",10,10,3,10,0.4,true,true,true,true
interrogation_answers,"a|d-2|recipient_reason|S3",10,10,3,10,0.4,true,true,true,true
interrogation_answers,"a|d-2|recipient_reason|S4",10,10,3,10,0.4,true,true,true,true
interrogation_answers,"a|d-2|recipient_reason|S5",10,10,3,10,0.4,true,true,true,true
interrogation_answers,"a|d-2|recipient_reason|S0",10,10,3,10,0.4,true,true,true,true
interrogation_answers,"a|d-2|recipient_reason|S1",10,10,3,10,0.4,true,true,true,true
interrogation_answers,"a|d-2|recipient_reason|S2",10,10,3,10,0.4,true,true,true,true
interrogation_answers,"a|d-2|recipient_reason|S3",10,10,3,10,0.4,true,true,true,true
interrogation_answers,"a|d-2|recipient_reason|S4",10,10,3,10,0.4,true,true,true,true
interrogation_answers,"a|d-2|recipient_reason|S5",10,10,3,10,0.4,true,true,true,true
interrogation_answers,"a|d-2|recipient_reason|S0",10,10,3,10,0.4,true,true,true,true
interrogation_answers,"a|d-2|recipient_reason|S1",10,10,3,10,0.4,true,true,true,true
interrogation_answers,"a|d-2|recipient_reason|S2",10,10,3,10,0.4,true,true,true,true
interrogation_answers,"a|d-2|recipient_reason|S3",10,10,3,10,0.4,true,true,true,true
interrogation_answers,"a|d-2|recipient_reason|S4",10,10,3,10,0.4,true,true,true,true
interrogation_answers,"a|d-2|recipient_reason|S5",10,10,3,10,0.4,true,true,true,true
interrogation_answers,"a|d-2|consent_boundary|S0",10,10,3,10,0.4,true,true,true,true
interrogation_answers,"a|d-2|consent_boundary|S1",10,10,3,10,0.4,true,true,true,true
interrogation_answers,"a|d-2|consent_boundary|S2",10,10,3,10,0.4,true,true,true,true
interrogation_answers,"a|d-2|consent_boundary|S3",10,10,3,10,0.4,true,true,true,true
interrogation_answers,"a|d-2|consent_boundary|S4",10,10,3,10,0.4,true,true,true,true
interrogation_answers,"a|d-2|consent_boundary|S5",10,10,3,10,0.4,true,true,true,true
interrogation_answers,"a|d-2|consent_boundary|S0",10,10,3,10,0.4,true,true,true,true
interrogation_answers,"a|d-2|consent_boundary|S1",10,10,3,10,0.4,true,true,true,true
interrogation_answers,"a|d-2|consent_boundary|S2",10,10,3,10,0.4,true,true,true,true
interrogation_answers,"a|d-2|consent_boundary|S3",10,10,3,10,0.4,true,true,true,true
interrogation_answers,"a|d-2|consent_boundary|S4",10,10,3,10,0.4,true,true,true,true
interrogation_answers,"a|d-2|consent_boundary|S5",10,10,3,10,0.4,true,true,true,true
interrogation_answers,"a|d-2|consent_boundary|S0",10,10,3,10,0.4,true,true,true,true
interrogation_answers,"a|d-2|consent_boundary|S1",10,10,3,10,0.4,true,true,true,true
interrogation_answers,"a|d-2|consent_boundary|S2",10,10,3,10,0.4,true,true,true,true
interrogation_answers,"a|d-2|consent_boundary|S3",10,10,3,10,0.4,true,true,true,true
interrogation_answers,"a|d-2|consent_boundary|S4",10,10,3,10,0.4,true,true,true,true
interrogation_answers,"a|d-2|consent_boundary|S5",10,10,3,10,0.4,true,true,true,true
interrogation_answers,"a|h-d3|general|S0",10,10,3,10,0.4,true,true,true,true
interrogation_answers,"a|h-d3|general|S1",10,10,3,10,0.4,true,true,true,true
interrogation_answers,"a|h-d3|general|S2",10,10,3,10,0.4,true,true,true,true
interrogation_answers,"a|h-d3|general|S3",10,10,3,10,0.4,true,true,true,true
interrogation_answers,"a|h-d3|general|S4",10,10,3,10,0.4,true,true,true,true
interrogation_answers,"a|h-d3|general|S5",10,10,3,10,0.4,true,true,true,true
interrogation_answers,"a|h-d3|general|S0",10,10,3,10,0.4,true,true,true,true
interrogation_answers,"a|h-d3|general|S1",10,10,3,10,0.4,true,true,true,true
interrogation_answers,"a|h-d3|general|S2",10,10,3,10,0.4,true,true,true,true
interrogation_answers,"a|h-d3|general|S3",10,10,3,10,0.4,true,true,true,true
interrogation_answers,"a|h-d3|general|S4",10,10,3,10,0.4,true,true,true,true
interrogation_answers,"a|h-d3|general|S5",10,10,3,10,0.4,true,true,true,true
interrogation_answers,"a|h-d3|general|S0",10,10,3,10,0.4,true,true,true,true
interrogation_answers,"a|h-d3|general|S1",10,10,3,10,0.4,true,true,true,true
interrogation_answers,"a|h-d3|general|S2",10,10,3,10,0.4,true,true,true,true
interrogation_answers,"a|h-d3|general|S3",10,10,3,10,0.4,true,true,true,true
interrogation_answers,"a|h-d3|general|S4",10,10,3,10,0.4,true,true,true,true
interrogation_answers,"a|h-d3|general|S5",10,10,3,10,0.4,true,true,true,true
interrogation_answers,"a|h-d3|savings_cancellation|S0",10,10,3,10,0.4,true,true,true,true
interrogation_answers,"a|h-d3|savings_cancellation|S1",10,10,3,10,0.4,true,true,true,true
interrogation_answers,"a|h-d3|savings_cancellation|S2",10,10,3,10,0.4,true,true,true,true
interrogation_answers,"a|h-d3|savings_cancellation|S3",10,10,3,10,0.4,true,true,true,true
interrogation_answers,"a|h-d3|savings_cancellation|S4",10,10,3,10,0.4,true,true,true,true
interrogation_answers,"a|h-d3|savings_cancellation|S5",10,10,3,10,0.4,true,true,true,true
interrogation_answers,"a|h-d3|savings_cancellation|S0",10,10,3,10,0.4,true,true,true,true
interrogation_answers,"a|h-d3|savings_cancellation|S1",10,10,3,10,0.4,true,true,true,true
interrogation_answers,"a|h-d3|savings_cancellation|S2",10,10,3,10,0.4,true,true,true,true
interrogation_answers,"a|h-d3|savings_cancellation|S3",10,10,3,10,0.4,true,true,true,true
interrogation_answers,"a|h-d3|savings_cancellation|S4",10,10,3,10,0.4,true,true,true,true
interrogation_answers,"a|h-d3|savings_cancellation|S5",10,10,3,10,0.4,true,true,true,true
interrogation_answers,"a|h-d3|savings_cancellation|S0",10,10,3,10,0.4,true,true,true,true
interrogation_answers,"a|h-d3|savings_cancellation|S1",10,10,3,10,0.4,true,true,true,true
interrogation_answers,"a|h-d3|savings_cancellation|S2",10,10,3,10,0.4,true,true,true,true
interrogation_answers,"a|h-d3|savings_cancellation|S3",10,10,3,10,0.4,true,true,true,true
interrogation_answers,"a|h-d3|savings_cancellation|S4",10,10,3,10,0.4,true,true,true,true
interrogation_answers,"a|h-d3|savings_cancellation|S5",10,10,3,10,0.4,true,true,true,true
interrogation_answers,"a|h-d3|proxy_document|S0",10,10,3,10,0.4,true,true,true,true
interrogation_answers,"a|h-d3|proxy_document|S1",10,10,3,10,0.4,true,true,true,true
interrogation_answers,"a|h-d3|proxy_document|S2",10,10,3,10,0.4,true,true,true,true
interrogation_answers,"a|h-d3|proxy_document|S3",10,10,3,10,0.4,true,true,true,true
interrogation_answers,"a|h-d3|proxy_document|S4",10,10,3,10,0.4,true,true,true,true
interrogation_answers,"a|h-d3|proxy_document|S5",10,10,3,10,0.4,true,true,true,true
interrogation_answers,"a|h-d3|proxy_document|S0",10,10,3,10,0.4,true,true,true,true
interrogation_answers,"a|h-d3|proxy_document|S1",10,10,3,10,0.4,true,true,true,true
interrogation_answers,"a|h-d3|proxy_document|S2",10,10,3,10,0.4,true,true,true,true
interrogation_answers,"a|h-d3|proxy_document|S3",10,10,3,10,0.4,true,true,true,true
interrogation_answers,"a|h-d3|proxy_document|S4",10,10,3,10,0.4,true,true,true,true
interrogation_answers,"a|h-d3|proxy_document|S5",10,10,3,10,0.4,true,true,true,true
interrogation_answers,"a|h-d3|proxy_document|S0",10,10,3,10,0.4,true,true,true,true
interrogation_answers,"a|h-d3|proxy_document|S1",10,10,3,10,0.4,true,true,true,true
interrogation_answers,"a|h-d3|proxy_document|S2",10,10,3,10,0.4,true,true,true,true
interrogation_answers,"a|h-d3|proxy_document|S3",10,10,3,10,0.4,true,true,true,true
interrogation_answers,"a|h-d3|proxy_document|S4",10,10,3,10,0.4,true,true,true,true
interrogation_answers,"a|h-d3|proxy_document|S5",10,10,3,10,0.4,true,true,true,true
interrogation_answers,"a|h-d3|investment_room|S0",10,10,3,10,0.4,true,true,true,true
interrogation_answers,"a|h-d3|investment_room|S1",10,10,3,10,0.4,true,true,true,true
interrogation_answers,"a|h-d3|investment_room|S2",10,10,3,10,0.4,true,true,true,true
interrogation_answers,"a|h-d3|investment_room|S3",10,10,3,10,0.4,true,true,true,true
interrogation_answers,"a|h-d3|investment_room|S4",10,10,3,10,0.4,true,true,true,true
interrogation_answers,"a|h-d3|investment_room|S5",10,10,3,10,0.4,true,true,true,true
interrogation_answers,"a|h-d3|investment_room|S0",10,10,3,10,0.4,true,true,true,true
interrogation_answers,"a|h-d3|investment_room|S1",10,10,3,10,0.4,true,true,true,true
interrogation_answers,"a|h-d3|investment_room|S2",10,10,3,10,0.4,true,true,true,true
interrogation_answers,"a|h-d3|investment_room|S3",10,10,3,10,0.4,true,true,true,true
interrogation_answers,"a|h-d3|investment_room|S4",10,10,3,10,0.4,true,true,true,true
interrogation_answers,"a|h-d3|investment_room|S5",10,10,3,10,0.4,true,true,true,true
interrogation_answers,"a|h-d3|investment_room|S0",10,10,3,10,0.4,true,true,true,true
interrogation_answers,"a|h-d3|investment_room|S1",10,10,3,10,0.4,true,true,true,true
interrogation_answers,"a|h-d3|investment_room|S2",10,10,3,10,0.4,true,true,true,true
interrogation_answers,"a|h-d3|investment_room|S3",10,10,3,10,0.4,true,true,true,true
interrogation_answers,"a|h-d3|investment_room|S4",10,10,3,10,0.4,true,true,true,true
interrogation_answers,"a|h-d3|investment_room|S5",10,10,3,10,0.4,true,true,true,true
interrogation_answers,"a|h-d3|loss_responsibility|S0",10,10,3,10,0.4,true,true,true,true
interrogation_answers,"a|h-d3|loss_responsibility|S1",10,10,3,10,0.4,true,true,true,true
interrogation_answers,"a|h-d3|loss_responsibility|S2",10,10,3,10,0.4,true,true,true,true
interrogation_answers,"a|h-d3|loss_responsibility|S3",10,10,3,10,0.4,true,true,true,true
interrogation_answers,"a|h-d3|loss_responsibility|S4",10,10,3,10,0.4,true,true,true,true
interrogation_answers,"a|h-d3|loss_responsibility|S5",10,10,3,10,0.4,true,true,true,true
interrogation_answers,"a|h-d3|loss_responsibility|S0",10,10,3,10,0.4,true,true,true,true
interrogation_answers,"a|h-d3|loss_responsibility|S1",10,10,3,10,0.4,true,true,true,true
interrogation_answers,"a|h-d3|loss_responsibility|S2",10,10,3,10,0.4,true,true,true,true
interrogation_answers,"a|h-d3|loss_responsibility|S3",10,10,3,10,0.4,true,true,true,true
interrogation_answers,"a|h-d3|loss_responsibility|S4",10,10,3,10,0.4,true,true,true,true
interrogation_answers,"a|h-d3|loss_responsibility|S5",10,10,3,10,0.4,true,true,true,true
interrogation_answers,"a|h-d3|loss_responsibility|S0",10,10,3,10,0.4,true,true,true,true
interrogation_answers,"a|h-d3|loss_responsibility|S1",10,10,3,10,0.4,true,true,true,true
interrogation_answers,"a|h-d3|loss_responsibility|S2",10,10,3,10,0.4,true,true,true,true
interrogation_answers,"a|h-d3|loss_responsibility|S3",10,10,3,10,0.4,true,true,true,true
interrogation_answers,"a|h-d3|loss_responsibility|S4",10,10,3,10,0.4,true,true,true,true
interrogation_answers,"a|h-d3|loss_responsibility|S5",10,10,3,10,0.4,true,true,true,true
interrogation_answers,"b|h-d3|general|S0",10,10,3,10,0.4,true,true,true,true
interrogation_answers,"b|h-d3|general|S1",10,10,3,10,0.4,true,true,true,true
interrogation_answers,"b|h-d3|general|S2",10,10,3,10,0.4,true,true,true,true
interrogation_answers,"b|h-d3|general|S3",10,10,3,10,0.4,true,true,true,true
interrogation_answers,"b|h-d3|general|S4",10,10,3,10,0.4,true,true,true,true
interrogation_answers,"b|h-d3|general|S5",10,10,3,10,0.4,true,true,true,true
interrogation_answers,"b|h-d3|general|S0",10,10,3,10,0.4,true,true,true,true
interrogation_answers,"b|h-d3|general|S1",10,10,3,10,0.4,true,true,true,true
interrogation_answers,"b|h-d3|general|S2",10,10,3,10,0.4,true,true,true,true
interrogation_answers,"b|h-d3|general|S3",10,10,3,10,0.4,true,true,true,true
interrogation_answers,"b|h-d3|general|S4",10,10,3,10,0.4,true,true,true,true
interrogation_answers,"b|h-d3|general|S5",10,10,3,10,0.4,true,true,true,true
interrogation_answers,"b|h-d3|general|S0",10,10,3,10,0.4,true,true,true,true
interrogation_answers,"b|h-d3|general|S1",10,10,3,10,0.4,true,true,true,true
interrogation_answers,"b|h-d3|general|S2",10,10,3,10,0.4,true,true,true,true
interrogation_answers,"b|h-d3|general|S3",10,10,3,10,0.4,true,true,true,true
interrogation_answers,"b|h-d3|general|S4",10,10,3,10,0.4,true,true,true,true
interrogation_answers,"b|h-d3|general|S5",10,10,3,10,0.4,true,true,true,true
interrogation_answers,"b|h-d3|savings_cancellation|S0",10,10,3,10,0.4,true,true,true,true
interrogation_answers,"b|h-d3|savings_cancellation|S1",10,10,3,10,0.4,true,true,true,true
interrogation_answers,"b|h-d3|savings_cancellation|S2",10,10,3,10,0.4,true,true,true,true
interrogation_answers,"b|h-d3|savings_cancellation|S3",10,10,3,10,0.4,true,true,true,true
interrogation_answers,"b|h-d3|savings_cancellation|S4",10,10,3,10,0.4,true,true,true,true
interrogation_answers,"b|h-d3|savings_cancellation|S5",10,10,3,10,0.4,true,true,true,true
interrogation_answers,"b|h-d3|savings_cancellation|S0",10,10,3,10,0.4,true,true,true,true
interrogation_answers,"b|h-d3|savings_cancellation|S1",10,10,3,10,0.4,true,true,true,true
interrogation_answers,"b|h-d3|savings_cancellation|S2",10,10,3,10,0.4,true,true,true,true
interrogation_answers,"b|h-d3|savings_cancellation|S3",10,10,3,10,0.4,true,true,true,true
interrogation_answers,"b|h-d3|savings_cancellation|S4",10,10,3,10,0.4,true,true,true,true
interrogation_answers,"b|h-d3|savings_cancellation|S5",10,10,3,10,0.4,true,true,true,true
interrogation_answers,"b|h-d3|savings_cancellation|S0",10,10,3,10,0.4,true,true,true,true
interrogation_answers,"b|h-d3|savings_cancellation|S1",10,10,3,10,0.4,true,true,true,true
interrogation_answers,"b|h-d3|savings_cancellation|S2",10,10,3,10,0.4,true,true,true,true
interrogation_answers,"b|h-d3|savings_cancellation|S3",10,10,3,10,0.4,true,true,true,true
interrogation_answers,"b|h-d3|savings_cancellation|S4",10,10,3,10,0.4,true,true,true,true
interrogation_answers,"b|h-d3|savings_cancellation|S5",10,10,3,10,0.4,true,true,true,true
interrogation_answers,"b|h-d3|proxy_document|S0",10,10,3,10,0.4,true,true,true,true
interrogation_answers,"b|h-d3|proxy_document|S1",10,10,3,10,0.4,true,true,true,true
interrogation_answers,"b|h-d3|proxy_document|S2",10,10,3,10,0.4,true,true,true,true
interrogation_answers,"b|h-d3|proxy_document|S3",10,10,3,10,0.4,true,true,true,true
interrogation_answers,"b|h-d3|proxy_document|S4",10,10,3,10,0.4,true,true,true,true
interrogation_answers,"b|h-d3|proxy_document|S5",10,10,3,10,0.4,true,true,true,true
interrogation_answers,"b|h-d3|proxy_document|S0",10,10,3,10,0.4,true,true,true,true
interrogation_answers,"b|h-d3|proxy_document|S1",10,10,3,10,0.4,true,true,true,true
interrogation_answers,"b|h-d3|proxy_document|S2",10,10,3,10,0.4,true,true,true,true
interrogation_answers,"b|h-d3|proxy_document|S3",10,10,3,10,0.4,true,true,true,true
interrogation_answers,"b|h-d3|proxy_document|S4",10,10,3,10,0.4,true,true,true,true
interrogation_answers,"b|h-d3|proxy_document|S5",10,10,3,10,0.4,true,true,true,true
interrogation_answers,"b|h-d3|proxy_document|S0",10,10,3,10,0.4,true,true,true,true
interrogation_answers,"b|h-d3|proxy_document|S1",10,10,3,10,0.4,true,true,true,true
interrogation_answers,"b|h-d3|proxy_document|S2",10,10,3,10,0.4,true,true,true,true
interrogation_answers,"b|h-d3|proxy_document|S3",10,10,3,10,0.4,true,true,true,true
interrogation_answers,"b|h-d3|proxy_document|S4",10,10,3,10,0.4,true,true,true,true
interrogation_answers,"b|h-d3|proxy_document|S5",10,10,3,10,0.4,true,true,true,true
interrogation_answers,"b|h-d3|investment_room|S0",10,10,3,10,0.4,true,true,true,true
interrogation_answers,"b|h-d3|investment_room|S1",10,10,3,10,0.4,true,true,true,true
interrogation_answers,"b|h-d3|investment_room|S2",10,10,3,10,0.4,true,true,true,true
interrogation_answers,"b|h-d3|investment_room|S3",10,10,3,10,0.4,true,true,true,true
interrogation_answers,"b|h-d3|investment_room|S4",10,10,3,10,0.4,true,true,true,true
interrogation_answers,"b|h-d3|investment_room|S5",10,10,3,10,0.4,true,true,true,true
interrogation_answers,"b|h-d3|investment_room|S0",10,10,3,10,0.4,true,true,true,true
interrogation_answers,"b|h-d3|investment_room|S1",10,10,3,10,0.4,true,true,true,true
interrogation_answers,"b|h-d3|investment_room|S2",10,10,3,10,0.4,true,true,true,true
interrogation_answers,"b|h-d3|investment_room|S3",10,10,3,10,0.4,true,true,true,true
interrogation_answers,"b|h-d3|investment_room|S4",10,10,3,10,0.4,true,true,true,true
interrogation_answers,"b|h-d3|investment_room|S5",10,10,3,10,0.4,true,true,true,true
interrogation_answers,"b|h-d3|investment_room|S0",10,10,3,10,0.4,true,true,true,true
interrogation_answers,"b|h-d3|investment_room|S1",10,10,3,10,0.4,true,true,true,true
interrogation_answers,"b|h-d3|investment_room|S2",10,10,3,10,0.4,true,true,true,true
interrogation_answers,"b|h-d3|investment_room|S3",10,10,3,10,0.4,true,true,true,true
interrogation_answers,"b|h-d3|investment_room|S4",10,10,3,10,0.4,true,true,true,true
interrogation_answers,"b|h-d3|investment_room|S5",10,10,3,10,0.4,true,true,true,true
interrogation_answers,"b|h-d3|loss_responsibility|S0",10,10,3,10,0.4,true,true,true,true
interrogation_answers,"b|h-d3|loss_responsibility|S1",10,10,3,10,0.4,true,true,true,true
interrogation_answers,"b|h-d3|loss_responsibility|S2",10,10,3,10,0.4,true,true,true,true
interrogation_answers,"b|h-d3|loss_responsibility|S3",10,10,3,10,0.4,true,true,true,true
interrogation_answers,"b|h-d3|loss_responsibility|S4",10,10,3,10,0.4,true,true,true,true
interrogation_answers,"b|h-d3|loss_responsibility|S5",10,10,3,10,0.4,true,true,true,true
interrogation_answers,"b|h-d3|loss_responsibility|S0",10,10,3,10,0.4,true,true,true,true
interrogation_answers,"b|h-d3|loss_responsibility|S1",10,10,3,10,0.4,true,true,true,true
interrogation_answers,"b|h-d3|loss_responsibility|S2",10,10,3,10,0.4,true,true,true,true
interrogation_answers,"b|h-d3|loss_responsibility|S3",10,10,3,10,0.4,true,true,true,true
interrogation_answers,"b|h-d3|loss_responsibility|S4",10,10,3,10,0.4,true,true,true,true
interrogation_answers,"b|h-d3|loss_responsibility|S5",10,10,3,10,0.4,true,true,true,true
interrogation_answers,"b|h-d3|loss_responsibility|S0",10,10,3,10,0.4,true,true,true,true
interrogation_answers,"b|h-d3|loss_responsibility|S1",10,10,3,10,0.4,true,true,true,true
interrogation_answers,"b|h-d3|loss_responsibility|S2",10,10,3,10,0.4,true,true,true,true
interrogation_answers,"b|h-d3|loss_responsibility|S3",10,10,3,10,0.4,true,true,true,true
interrogation_answers,"b|h-d3|loss_responsibility|S4",10,10,3,10,0.4,true,true,true,true
interrogation_answers,"b|h-d3|loss_responsibility|S5",10,10,3,10,0.4,true,true,true,true
interrogation_answers,"a|h-d4|general|S0",10,10,3,10,0.4,true,true,true,true
interrogation_answers,"a|h-d4|general|S1",10,10,3,10,0.4,true,true,true,true
interrogation_answers,"a|h-d4|general|S2",10,10,3,10,0.4,true,true,true,true
interrogation_answers,"a|h-d4|general|S3",10,10,3,10,0.4,true,true,true,true
interrogation_answers,"a|h-d4|general|S4",10,10,3,10,0.4,true,true,true,true
interrogation_answers,"a|h-d4|general|S5",10,10,3,10,0.4,true,true,true,true
interrogation_answers,"a|h-d4|general|S0",10,10,3,10,0.4,true,true,true,true
interrogation_answers,"a|h-d4|general|S1",10,10,3,10,0.4,true,true,true,true
interrogation_answers,"a|h-d4|general|S2",10,10,3,10,0.4,true,true,true,true
interrogation_answers,"a|h-d4|general|S3",10,10,3,10,0.4,true,true,true,true
interrogation_answers,"a|h-d4|general|S4",10,10,3,10,0.4,true,true,true,true
interrogation_answers,"a|h-d4|general|S5",10,10,3,10,0.4,true,true,true,true
interrogation_answers,"a|h-d4|general|S0",10,10,3,10,0.4,true,true,true,true
interrogation_answers,"a|h-d4|general|S1",10,10,3,10,0.4,true,true,true,true
interrogation_answers,"a|h-d4|general|S2",10,10,3,10,0.4,true,true,true,true
interrogation_answers,"a|h-d4|general|S3",10,10,3,10,0.4,true,true,true,true
interrogation_answers,"a|h-d4|general|S4",10,10,3,10,0.4,true,true,true,true
interrogation_answers,"a|h-d4|general|S5",10,10,3,10,0.4,true,true,true,true
interrogation_answers,"a|h-d4|concealment_sequence|S0",10,10,3,10,0.4,true,true,true,true
interrogation_answers,"a|h-d4|concealment_sequence|S1",10,10,3,10,0.4,true,true,true,true
interrogation_answers,"a|h-d4|concealment_sequence|S2",10,10,3,10,0.4,true,true,true,true
interrogation_answers,"a|h-d4|concealment_sequence|S3",10,10,3,10,0.4,true,true,true,true
interrogation_answers,"a|h-d4|concealment_sequence|S4",10,10,3,10,0.4,true,true,true,true
interrogation_answers,"a|h-d4|concealment_sequence|S5",10,10,3,10,0.4,true,true,true,true
interrogation_answers,"a|h-d4|concealment_sequence|S0",10,10,3,10,0.4,true,true,true,true
interrogation_answers,"a|h-d4|concealment_sequence|S1",10,10,3,10,0.4,true,true,true,true
interrogation_answers,"a|h-d4|concealment_sequence|S2",10,10,3,10,0.4,true,true,true,true
interrogation_answers,"a|h-d4|concealment_sequence|S3",10,10,3,10,0.4,true,true,true,true
interrogation_answers,"a|h-d4|concealment_sequence|S4",10,10,3,10,0.4,true,true,true,true
interrogation_answers,"a|h-d4|concealment_sequence|S5",10,10,3,10,0.4,true,true,true,true
interrogation_answers,"a|h-d4|concealment_sequence|S0",10,10,3,10,0.4,true,true,true,true
interrogation_answers,"a|h-d4|concealment_sequence|S1",10,10,3,10,0.4,true,true,true,true
interrogation_answers,"a|h-d4|concealment_sequence|S2",10,10,3,10,0.4,true,true,true,true
interrogation_answers,"a|h-d4|concealment_sequence|S3",10,10,3,10,0.4,true,true,true,true
interrogation_answers,"a|h-d4|concealment_sequence|S4",10,10,3,10,0.4,true,true,true,true
interrogation_answers,"a|h-d4|concealment_sequence|S5",10,10,3,10,0.4,true,true,true,true
interrogation_answers,"a|h-d4|account_monitoring|S0",10,10,3,10,0.4,true,true,true,true
interrogation_answers,"a|h-d4|account_monitoring|S1",10,10,3,10,0.4,true,true,true,true
interrogation_answers,"a|h-d4|account_monitoring|S2",10,10,3,10,0.4,true,true,true,true
interrogation_answers,"a|h-d4|account_monitoring|S3",10,10,3,10,0.4,true,true,true,true
interrogation_answers,"a|h-d4|account_monitoring|S4",10,10,3,10,0.4,true,true,true,true
interrogation_answers,"a|h-d4|account_monitoring|S5",10,10,3,10,0.4,true,true,true,true
interrogation_answers,"a|h-d4|account_monitoring|S0",10,10,3,10,0.4,true,true,true,true
interrogation_answers,"a|h-d4|account_monitoring|S1",10,10,3,10,0.4,true,true,true,true
interrogation_answers,"a|h-d4|account_monitoring|S2",10,10,3,10,0.4,true,true,true,true
interrogation_answers,"a|h-d4|account_monitoring|S3",10,10,3,10,0.4,true,true,true,true
interrogation_answers,"a|h-d4|account_monitoring|S4",10,10,3,10,0.4,true,true,true,true
interrogation_answers,"a|h-d4|account_monitoring|S5",10,10,3,10,0.4,true,true,true,true
interrogation_answers,"a|h-d4|account_monitoring|S0",10,10,3,10,0.4,true,true,true,true
interrogation_answers,"a|h-d4|account_monitoring|S1",10,10,3,10,0.4,true,true,true,true
interrogation_answers,"a|h-d4|account_monitoring|S2",10,10,3,10,0.4,true,true,true,true
interrogation_answers,"a|h-d4|account_monitoring|S3",10,10,3,10,0.4,true,true,true,true
interrogation_answers,"a|h-d4|account_monitoring|S4",10,10,3,10,0.4,true,true,true,true
interrogation_answers,"a|h-d4|account_monitoring|S5",10,10,3,10,0.4,true,true,true,true
interrogation_answers,"a|h-d4|execution_timeline|S0",10,10,3,10,0.4,true,true,true,true
interrogation_answers,"a|h-d4|execution_timeline|S1",10,10,3,10,0.4,true,true,true,true
interrogation_answers,"a|h-d4|execution_timeline|S2",10,10,3,10,0.4,true,true,true,true
interrogation_answers,"a|h-d4|execution_timeline|S3",10,10,3,10,0.4,true,true,true,true
interrogation_answers,"a|h-d4|execution_timeline|S4",10,10,3,10,0.4,true,true,true,true
interrogation_answers,"a|h-d4|execution_timeline|S5",10,10,3,10,0.4,true,true,true,true
interrogation_answers,"a|h-d4|execution_timeline|S0",10,10,3,10,0.4,true,true,true,true
interrogation_answers,"a|h-d4|execution_timeline|S1",10,10,3,10,0.4,true,true,true,true
interrogation_answers,"a|h-d4|execution_timeline|S2",10,10,3,10,0.4,true,true,true,true
interrogation_answers,"a|h-d4|execution_timeline|S3",10,10,3,10,0.4,true,true,true,true
interrogation_answers,"a|h-d4|execution_timeline|S4",10,10,3,10,0.4,true,true,true,true
interrogation_answers,"a|h-d4|execution_timeline|S5",10,10,3,10,0.4,true,true,true,true
interrogation_answers,"a|h-d4|execution_timeline|S0",10,10,3,10,0.4,true,true,true,true
interrogation_answers,"a|h-d4|execution_timeline|S1",10,10,3,10,0.4,true,true,true,true
interrogation_answers,"a|h-d4|execution_timeline|S2",10,10,3,10,0.4,true,true,true,true
interrogation_answers,"a|h-d4|execution_timeline|S3",10,10,3,10,0.4,true,true,true,true
interrogation_answers,"a|h-d4|execution_timeline|S4",10,10,3,10,0.4,true,true,true,true
interrogation_answers,"a|h-d4|execution_timeline|S5",10,10,3,10,0.4,true,true,true,true
interrogation_answers,"a|h-d4|illegal_boundary|S0",10,10,3,10,0.4,true,true,true,true
interrogation_answers,"a|h-d4|illegal_boundary|S1",10,10,3,10,0.4,true,true,true,true
interrogation_answers,"a|h-d4|illegal_boundary|S2",10,10,3,10,0.4,true,true,true,true
interrogation_answers,"a|h-d4|illegal_boundary|S3",10,10,3,10,0.4,true,true,true,true
interrogation_answers,"a|h-d4|illegal_boundary|S4",10,10,3,10,0.4,true,true,true,true
interrogation_answers,"a|h-d4|illegal_boundary|S5",10,10,3,10,0.4,true,true,true,true
interrogation_answers,"a|h-d4|illegal_boundary|S0",10,10,3,10,0.4,true,true,true,true
interrogation_answers,"a|h-d4|illegal_boundary|S1",10,10,3,10,0.4,true,true,true,true
interrogation_answers,"a|h-d4|illegal_boundary|S2",10,10,3,10,0.4,true,true,true,true
interrogation_answers,"a|h-d4|illegal_boundary|S3",10,10,3,10,0.4,true,true,true,true
interrogation_answers,"a|h-d4|illegal_boundary|S4",10,10,3,10,0.4,true,true,true,true
interrogation_answers,"a|h-d4|illegal_boundary|S5",10,10,3,10,0.4,true,true,true,true
interrogation_answers,"a|h-d4|illegal_boundary|S0",10,10,3,10,0.4,true,true,true,true
interrogation_answers,"a|h-d4|illegal_boundary|S1",10,10,3,10,0.4,true,true,true,true
interrogation_answers,"a|h-d4|illegal_boundary|S2",10,10,3,10,0.4,true,true,true,true
interrogation_answers,"a|h-d4|illegal_boundary|S3",10,10,3,10,0.4,true,true,true,true
interrogation_answers,"a|h-d4|illegal_boundary|S4",10,10,3,10,0.4,true,true,true,true
interrogation_answers,"a|h-d4|illegal_boundary|S5",10,10,3,10,0.4,true,true,true,true
interrogation_answers,"a|h-d4|responsibility_split|S0",10,10,3,10,0.4,true,true,true,true
interrogation_answers,"a|h-d4|responsibility_split|S1",10,10,3,10,0.4,true,true,true,true
interrogation_answers,"a|h-d4|responsibility_split|S2",10,10,3,10,0.4,true,true,true,true
interrogation_answers,"a|h-d4|responsibility_split|S3",10,10,3,10,0.4,true,true,true,true
interrogation_answers,"a|h-d4|responsibility_split|S4",10,10,3,10,0.4,true,true,true,true
interrogation_answers,"a|h-d4|responsibility_split|S5",10,10,3,10,0.4,true,true,true,true
interrogation_answers,"a|h-d4|responsibility_split|S0",10,10,3,10,0.4,true,true,true,true
interrogation_answers,"a|h-d4|responsibility_split|S1",10,10,3,10,0.4,true,true,true,true
interrogation_answers,"a|h-d4|responsibility_split|S2",10,10,3,10,0.4,true,true,true,true
interrogation_answers,"a|h-d4|responsibility_split|S3",10,10,3,10,0.4,true,true,true,true
interrogation_answers,"a|h-d4|responsibility_split|S4",10,10,3,10,0.4,true,true,true,true
interrogation_answers,"a|h-d4|responsibility_split|S5",10,10,3,10,0.4,true,true,true,true
interrogation_answers,"a|h-d4|responsibility_split|S0",10,10,3,10,0.4,true,true,true,true
interrogation_answers,"a|h-d4|responsibility_split|S1",10,10,3,10,0.4,true,true,true,true
interrogation_answers,"a|h-d4|responsibility_split|S2",10,10,3,10,0.4,true,true,true,true
interrogation_answers,"a|h-d4|responsibility_split|S3",10,10,3,10,0.4,true,true,true,true
interrogation_answers,"a|h-d4|responsibility_split|S4",10,10,3,10,0.4,true,true,true,true
interrogation_answers,"a|h-d4|responsibility_split|S5",10,10,3,10,0.4,true,true,true,true
interrogation_answers,"b|h-d4|general|S0",10,10,3,10,0.4,true,true,true,true
interrogation_answers,"b|h-d4|general|S1",10,10,3,10,0.4,true,true,true,true
interrogation_answers,"b|h-d4|general|S2",10,10,3,10,0.4,true,true,true,true
interrogation_answers,"b|h-d4|general|S3",10,10,3,10,0.4,true,true,true,true
interrogation_answers,"b|h-d4|general|S4",10,10,3,10,0.4,true,true,true,true
interrogation_answers,"b|h-d4|general|S5",10,10,3,10,0.4,true,true,true,true
interrogation_answers,"b|h-d4|general|S0",10,10,3,10,0.4,true,true,true,true
interrogation_answers,"b|h-d4|general|S1",10,10,3,10,0.4,true,true,true,true
interrogation_answers,"b|h-d4|general|S2",10,10,3,10,0.4,true,true,true,true
interrogation_answers,"b|h-d4|general|S3",10,10,3,10,0.4,true,true,true,true
interrogation_answers,"b|h-d4|general|S4",10,10,3,10,0.4,true,true,true,true
interrogation_answers,"b|h-d4|general|S5",10,10,3,10,0.4,true,true,true,true
interrogation_answers,"b|h-d4|general|S0",10,10,3,10,0.4,true,true,true,true
interrogation_answers,"b|h-d4|general|S1",10,10,3,10,0.4,true,true,true,true
interrogation_answers,"b|h-d4|general|S2",10,10,3,10,0.4,true,true,true,true
interrogation_answers,"b|h-d4|general|S3",10,10,3,10,0.4,true,true,true,true
interrogation_answers,"b|h-d4|general|S4",10,10,3,10,0.4,true,true,true,true
interrogation_answers,"b|h-d4|general|S5",10,10,3,10,0.4,true,true,true,true
interrogation_answers,"b|h-d4|concealment_sequence|S0",10,10,3,10,0.4,true,true,true,true
interrogation_answers,"b|h-d4|concealment_sequence|S1",10,10,3,10,0.4,true,true,true,true
interrogation_answers,"b|h-d4|concealment_sequence|S2",10,10,3,10,0.4,true,true,true,true
interrogation_answers,"b|h-d4|concealment_sequence|S3",10,10,3,10,0.4,true,true,true,true
interrogation_answers,"b|h-d4|concealment_sequence|S4",10,10,3,10,0.4,true,true,true,true
interrogation_answers,"b|h-d4|concealment_sequence|S5",10,10,3,10,0.4,true,true,true,true
interrogation_answers,"b|h-d4|concealment_sequence|S0",10,10,3,10,0.4,true,true,true,true
interrogation_answers,"b|h-d4|concealment_sequence|S1",10,10,3,10,0.4,true,true,true,true
interrogation_answers,"b|h-d4|concealment_sequence|S2",10,10,3,10,0.4,true,true,true,true
interrogation_answers,"b|h-d4|concealment_sequence|S3",10,10,3,10,0.4,true,true,true,true
interrogation_answers,"b|h-d4|concealment_sequence|S4",10,10,3,10,0.4,true,true,true,true
interrogation_answers,"b|h-d4|concealment_sequence|S5",10,10,3,10,0.4,true,true,true,true
interrogation_answers,"b|h-d4|concealment_sequence|S0",10,10,3,10,0.4,true,true,true,true
interrogation_answers,"b|h-d4|concealment_sequence|S1",10,10,3,10,0.4,true,true,true,true
interrogation_answers,"b|h-d4|concealment_sequence|S2",10,10,3,10,0.4,true,true,true,true
interrogation_answers,"b|h-d4|concealment_sequence|S3",10,10,3,10,0.4,true,true,true,true
interrogation_answers,"b|h-d4|concealment_sequence|S4",10,10,3,10,0.4,true,true,true,true
interrogation_answers,"b|h-d4|concealment_sequence|S5",10,10,3,10,0.4,true,true,true,true
interrogation_answers,"b|h-d4|account_monitoring|S0",10,10,3,10,0.4,true,true,true,true
interrogation_answers,"b|h-d4|account_monitoring|S1",10,10,3,10,0.4,true,true,true,true
interrogation_answers,"b|h-d4|account_monitoring|S2",10,10,3,10,0.4,true,true,true,true
interrogation_answers,"b|h-d4|account_monitoring|S3",10,10,3,10,0.4,true,true,true,true
interrogation_answers,"b|h-d4|account_monitoring|S4",10,10,3,10,0.4,true,true,true,true
interrogation_answers,"b|h-d4|account_monitoring|S5",10,10,3,10,0.4,true,true,true,true
interrogation_answers,"b|h-d4|account_monitoring|S0",10,10,3,10,0.4,true,true,true,true
interrogation_answers,"b|h-d4|account_monitoring|S1",10,10,3,10,0.4,true,true,true,true
interrogation_answers,"b|h-d4|account_monitoring|S2",10,10,3,10,0.4,true,true,true,true
interrogation_answers,"b|h-d4|account_monitoring|S3",10,10,3,10,0.4,true,true,true,true
interrogation_answers,"b|h-d4|account_monitoring|S4",10,10,3,10,0.4,true,true,true,true
interrogation_answers,"b|h-d4|account_monitoring|S5",10,10,3,10,0.4,true,true,true,true
interrogation_answers,"b|h-d4|account_monitoring|S0",10,10,3,10,0.4,true,true,true,true
interrogation_answers,"b|h-d4|account_monitoring|S1",10,10,3,10,0.4,true,true,true,true
interrogation_answers,"b|h-d4|account_monitoring|S2",10,10,3,10,0.4,true,true,true,true
interrogation_answers,"b|h-d4|account_monitoring|S3",10,10,3,10,0.4,true,true,true,true
interrogation_answers,"b|h-d4|account_monitoring|S4",10,10,3,10,0.4,true,true,true,true
interrogation_answers,"b|h-d4|account_monitoring|S5",10,10,3,10,0.4,true,true,true,true
interrogation_answers,"b|h-d4|execution_timeline|S0",10,10,3,10,0.4,true,true,true,true
interrogation_answers,"b|h-d4|execution_timeline|S1",10,10,3,10,0.4,true,true,true,true
interrogation_answers,"b|h-d4|execution_timeline|S2",10,10,3,10,0.4,true,true,true,true
interrogation_answers,"b|h-d4|execution_timeline|S3",10,10,3,10,0.4,true,true,true,true
interrogation_answers,"b|h-d4|execution_timeline|S4",10,10,3,10,0.4,true,true,true,true
interrogation_answers,"b|h-d4|execution_timeline|S5",10,10,3,10,0.4,true,true,true,true
interrogation_answers,"b|h-d4|execution_timeline|S0",10,10,3,10,0.4,true,true,true,true
interrogation_answers,"b|h-d4|execution_timeline|S1",10,10,3,10,0.4,true,true,true,true
interrogation_answers,"b|h-d4|execution_timeline|S2",10,10,3,10,0.4,true,true,true,true
interrogation_answers,"b|h-d4|execution_timeline|S3",10,10,3,10,0.4,true,true,true,true
interrogation_answers,"b|h-d4|execution_timeline|S4",10,10,3,10,0.4,true,true,true,true
interrogation_answers,"b|h-d4|execution_timeline|S5",10,10,3,10,0.4,true,true,true,true
interrogation_answers,"b|h-d4|execution_timeline|S0",10,10,3,10,0.4,true,true,true,true
interrogation_answers,"b|h-d4|execution_timeline|S1",10,10,3,10,0.4,true,true,true,true
interrogation_answers,"b|h-d4|execution_timeline|S2",10,10,3,10,0.4,true,true,true,true
interrogation_answers,"b|h-d4|execution_timeline|S3",10,10,3,10,0.4,true,true,true,true
interrogation_answers,"b|h-d4|execution_timeline|S4",10,10,3,10,0.4,true,true,true,true
interrogation_answers,"b|h-d4|execution_timeline|S5",10,10,3,10,0.4,true,true,true,true
interrogation_answers,"b|h-d4|illegal_boundary|S0",10,10,3,10,0.4,true,true,true,true
interrogation_answers,"b|h-d4|illegal_boundary|S1",10,10,3,10,0.4,true,true,true,true
interrogation_answers,"b|h-d4|illegal_boundary|S2",10,10,3,10,0.4,true,true,true,true
interrogation_answers,"b|h-d4|illegal_boundary|S3",10,10,3,10,0.4,true,true,true,true
interrogation_answers,"b|h-d4|illegal_boundary|S4",10,10,3,10,0.4,true,true,true,true
interrogation_answers,"b|h-d4|illegal_boundary|S5",10,10,3,10,0.4,true,true,true,true
interrogation_answers,"b|h-d4|illegal_boundary|S0",10,10,3,10,0.4,true,true,true,true
interrogation_answers,"b|h-d4|illegal_boundary|S1",10,10,3,10,0.4,true,true,true,true
interrogation_answers,"b|h-d4|illegal_boundary|S2",10,10,3,10,0.4,true,true,true,true
interrogation_answers,"b|h-d4|illegal_boundary|S3",10,10,3,10,0.4,true,true,true,true
interrogation_answers,"b|h-d4|illegal_boundary|S4",10,10,3,10,0.4,true,true,true,true
interrogation_answers,"b|h-d4|illegal_boundary|S5",10,10,3,10,0.4,true,true,true,true
interrogation_answers,"b|h-d4|illegal_boundary|S0",10,10,3,10,0.4,true,true,true,true
interrogation_answers,"b|h-d4|illegal_boundary|S1",10,10,3,10,0.4,true,true,true,true
interrogation_answers,"b|h-d4|illegal_boundary|S2",10,10,3,10,0.4,true,true,true,true
interrogation_answers,"b|h-d4|illegal_boundary|S3",10,10,3,10,0.4,true,true,true,true
interrogation_answers,"b|h-d4|illegal_boundary|S4",10,10,3,10,0.4,true,true,true,true
interrogation_answers,"b|h-d4|illegal_boundary|S5",10,10,3,10,0.4,true,true,true,true
interrogation_answers,"b|h-d4|responsibility_split|S0",10,10,3,10,0.4,true,true,true,true
interrogation_answers,"b|h-d4|responsibility_split|S1",10,10,3,10,0.4,true,true,true,true
interrogation_answers,"b|h-d4|responsibility_split|S2",10,10,3,10,0.4,true,true,true,true
interrogation_answers,"b|h-d4|responsibility_split|S3",10,10,3,10,0.4,true,true,true,true
interrogation_answers,"b|h-d4|responsibility_split|S4",10,10,3,10,0.4,true,true,true,true
interrogation_answers,"b|h-d4|responsibility_split|S5",10,10,3,10,0.4,true,true,true,true
interrogation_answers,"b|h-d4|responsibility_split|S0",10,10,3,10,0.4,true,true,true,true
interrogation_answers,"b|h-d4|responsibility_split|S1",10,10,3,10,0.4,true,true,true,true
interrogation_answers,"b|h-d4|responsibility_split|S2",10,10,3,10,0.4,true,true,true,true
interrogation_answers,"b|h-d4|responsibility_split|S3",10,10,3,10,0.4,true,true,true,true
interrogation_answers,"b|h-d4|responsibility_split|S4",10,10,3,10,0.4,true,true,true,true
interrogation_answers,"b|h-d4|responsibility_split|S5",10,10,3,10,0.4,true,true,true,true
interrogation_answers,"b|h-d4|responsibility_split|S0",10,10,3,10,0.4,true,true,true,true
interrogation_answers,"b|h-d4|responsibility_split|S1",10,10,3,10,0.4,true,true,true,true
interrogation_answers,"b|h-d4|responsibility_split|S2",10,10,3,10,0.4,true,true,true,true
interrogation_answers,"b|h-d4|responsibility_split|S3",10,10,3,10,0.4,true,true,true,true
interrogation_answers,"b|h-d4|responsibility_split|S4",10,10,3,10,0.4,true,true,true,true
interrogation_answers,"b|h-d4|responsibility_split|S5",10,10,3,10,0.4,true,true,true,true
