row_id,source_ko,target_text,category,issue_dim,severity,option_a,option_b,recommendation,confidence,notes,selected_option,applied_text,status,apply_method,resolved_targets,already_count,target_occurrences_exact,applied_files
family-01-dossier-dc-5-a-q1-allBands,"윤태성 씨, 동생 돈이었다는 사실을 몰랐다 해도 장남이니 더 받아야 한다고 여긴 마음까지는 부인하지 않으십니까?",尹泰成先生，即使你不知道那是你哥哥的钱，你不否认你觉得作为长子你应该得到更多吗？,non_party_scripted_text,D2,P0,尹泰成先生，即使您不知道那是弟弟的钱，也不能否认自己曾觉得身为长子就该多拿一些吧？,尹泰成先生，即使您当时不知道那是尹正厚的钱，也不否认自己曾认为长子理应多分一些吧？,a,0.98,dc-5.a.q1 early/mid/late 반복. KO 동생 돈이 zh-CN 你哥哥的钱으로 뒤집혀 형제 관계와 돈 출처가 반전됨.,a,尹泰成先生，即使您不知道那是弟弟的钱，也不能否认自己曾觉得身为长子就该多拿一些吧？,applied,source_path,3,3,0,src/data/scriptedText/family-01.zh-CN.json
family-01-interrogation-b-d-2-S5-fact-pursuit-v2,"제 몫 60, 형 몫 40으로 멈추면 제 형도 분노만 하고 끝낼 수 있을 거라 생각했습니다. 그 아래에 있던 건 다른 비밀이었습니다.",我现在愿意把话说完。我现在愿意把这一段讲清楚：母亲在亲笔练习本里把更多份额给我，是90:10。我自己把它改成60:40，再送去公证。我知道这是遗书造假、减少自己的份额，但当时我只想护住哥哥的脸。这是我必须面对的事实。,non_party_scripted_text,D2,P0,我以为只要停在我60、哥哥40，哥哥最多只会愤怒一阵。可下面还藏着另一个秘密。,我以为把比例定在我60、哥哥40，哥哥就只会因份额发怒而结束。真正压在下面的是另一个秘密。,a,0.93,same id b-d-2-S5-fact-pursuit-v2. Target inserts 90:10/forgery confession not present in KO variant; severe meaning replacement.,a,我以为只要停在我60、哥哥40，哥哥最多只会愤怒一阵。可下面还藏着另一个秘密。,applied,source_path,1,1,0,src/data/scriptedText/family-01.zh-CN.json
family-01-angle-d-1-general,유서 작성 경위 — 어머니가 유서 내용을 이해하고 뜻을 표시했는지 작성 과정을 확인한다.,读纸的场景 — 分开查看尹正厚把纸读给母亲听，并试图在哥哥到来前结束的情形。,question_angle_catalog,D2,P1,遗嘱制作经过 — 确认母亲是否理解遗嘱内容并表达了自己的意思，以及遗嘱形成的过程。,遗嘱形成经过 — 核对母亲理解内容、表达意愿和文件完成的过程。,a,0.95,general angle was replaced by paper_reading-specific angle; scope narrowed incorrectly.,a,遗嘱制作经过 — 确认母亲是否理解遗嘱内容并表达了自己的意思，以及遗嘱形成的过程。,applied,angle,1,2,0,
family-01-angle-d-2-general,최종 유서 경위 — 60:40 유서가 어떤 경로로 최종본이 되었는지 확인한다.,伪造责任 — 无论动机是什么，都确认动过母亲文件的责任。,question_angle_catalog,D2,P1,最终遗嘱形成经过 — 确认60:40遗嘱是通过什么过程成为最终版本的。,60:40遗嘱的最终形成经过 — 追问它如何成为最终版本。,a,0.95,general angle translated as forgery_responsibility; loses route/final-version focus.,a,最终遗嘱形成经过 — 确认60:40遗嘱是通过什么过程成为最终版本的。,applied,angle,1,2,0,
family-01-angle-d-3-general,어머니 통장 자금 — 어머니 통장으로 보인 돈과 형제 사이의 자금 이동을 확인한다.,哥哥的体面与沉默 — 确认没有说出钱的沉默，是保护还是欺骗。,question_angle_catalog,D2,P1,母亲账户里的资金 — 确认看似来自母亲账户的钱，以及兄弟之间的资金流向。,母亲账户资金 — 核对钱为何看似来自母亲，以及兄弟之间的钱款流动。,a,0.96,general angle translated as silence_over_pride; money-flow scope lost.,a,母亲账户里的资金 — 确认看似来自母亲账户的钱，以及兄弟之间的资金流向。,applied,angle,1,2,0,
family-01-angle-d-4-general,일기장 속 가족사 — 어머니 일기장에 남은 민감한 가족 사정과 침묵을 확인한다.,与遗嘱变更的关联 — 询问敏感的家庭情况如何与遗嘱变更判断相连。,question_angle_catalog,D2,P1,日记中的家庭往事 — 确认母亲日记里留下的敏感家庭情况，以及围绕它的沉默。,日记里的家族记录 — 追问其中的敏感家事和知情后的沉默。,a,0.9,general angle prematurely shifts to will-link angle and drops diary/silence framing.,a,日记中的家庭往事 — 确认母亲日记里留下的敏感家庭情况，以及围绕它的沉默。,applied,angle,1,2,0,
family-01-dossier-dc-1-cardName,말년의 종이,晚年的论文,non_party_scripted_text,D2,P1,晚年的那张纸,晚年的文件,a,0.97,"dc-1 entries 0-5. 종이 was mistranslated as 论文, implying an academic paper.",a,晚年的那张纸,applied,source_path,6,6,0,src/data/scriptedText/family-01.zh-CN.json
family-01-dossier-dc-2-cardName,줄인 유서,缩写遗嘱,non_party_scripted_text,D2,P1,调低份额的遗嘱,被改低的遗嘱,a,0.97,"dc-2 entries 6-11. 缩写遗嘱 means abbreviated will, not reduced-share will.",a,调低份额的遗嘱,applied,source_path,6,6,0,src/data/scriptedText/family-01.zh-CN.json
family-01-dossier-dc-1-b-q1-allBands,"윤정후 씨, 공증 직전 방문이 급증했고 어머니에게 종이를 읽어드린 정황까지 있는데, 왜 형이 오기 전에 끝내려 하셨습니까?",尹正厚，公证前夕访问量激增，甚至还出现了给妈妈读报纸的情况。你为什么要在你哥哥来之前完成它？,non_party_scripted_text,D2,P1,尹正厚先生，公证前夕探访次数激增，而且还有给母亲读那张纸的情形。您为什么想在哥哥到来之前把事情结束？,尹正厚先生，公证前夕您的探访明显增加，还曾给母亲读那份文件。为什么要赶在哥哥到来前处理完？,a,0.96,dc-1.b.q1 early/mid/late 반복. 종이->报纸 is evidence mismatch; 妈妈/你 tone also too colloquial for judge question.,a,尹正厚先生，公证前夕探访次数激增，而且还有给母亲读那张纸的情形。您为什么想在哥哥到来之前把事情结束？,applied,source_path,3,3,0,src/data/scriptedText/family-01.zh-CN.json
family-01-dossier-dc-2-b-q1-allBands,"윤정후 씨, 같은 날 처음 적힌 자필 연습본과 60대40 공증본이 모두 남아 있는데, 왜 자기 몫을 줄인 서류를 다시 제출하셨습니까?",Jeong-hoo Yoon先生，我还保留着当天写的手写练习副本和60/40公证副本，那么您为什么要减少部分重新提交文件呢？,non_party_scripted_text,D6,P1,尹正厚先生，同一天最初写下的亲笔草稿和60:40公证本都还在，您为什么重新提交了一份降低自己份额的文件？,尹正厚先生，当天的亲笔遗嘱草稿和60:40公证本都保留下来了。您为什么又提交了降低自己份额的文件？,a,0.98,dc-2.b.q1 early/mid/late 반복. Person name violates glossary; target also shifts subject to 我还保留着.,a,尹正厚先生，同一天最初写下的亲笔草稿和60:40公证本都还在，您为什么重新提交了一份降低自己份额的文件？,applied,source_path,3,3,0,src/data/scriptedText/family-01.zh-CN.json
family-01-dossier-dc-3-b-q1-allBands,"윤정후 씨, 20년 정기 지원금과 형 사업장 자금 상당수가 실제로는 당신 돈이었다는 점, 이제도 부인하십니까?",尹正虎，你还否认20年的定期补贴和你哥哥工作单位的大部分资金实际上是你自己的钱吗？,non_party_scripted_text,D6,P1,尹正厚先生，20年来的定期支援金和哥哥工厂资金中的相当一部分实际上是您的钱，这一点您现在还否认吗？,尹正厚先生，20年的定期支援金以及哥哥事业资金中的相当一部分其实来自您，您现在还否认吗？,a,0.99,dc-3.b.q1 early/mid/late 반복. 尹正虎 is wrong; glossary requires 尹正厚.,a,尹正厚先生，20年来的定期支援金和哥哥工厂资金中的相当一部分实际上是您的钱，这一点您现在还否认吗？,applied,source_path,3,3,0,src/data/scriptedText/family-01.zh-CN.json
family-01-dossier-dc-4-b-q1-allBands,"윤정후 씨, 형의 출생 비밀을 언제 알게 되었고, 그 뒤 왜 혼자 감당하려 하셨습니까?",尹正虎，你是什么时候知道你哥哥出生的秘密的？之后你为什么要独自处理这件事？,non_party_scripted_text,D6,P1,尹正厚先生，您是什么时候知道哥哥的出生秘密的？之后为什么想一个人承担？,尹正厚先生，您何时知道哥哥的出生秘密，后来又为什么独自扛了下来？,a,0.99,dc-4.b.q1 early/mid/late 반복. 尹正虎 is wrong; glossary requires 尹正厚.,a,尹正厚先生，您是什么时候知道哥哥那段敏感家事的？之后为什么想一个人承担？,applied,family_special,3,3,0,src/data/scriptedText/family-01.zh-CN.json
family-01-dossier-dc-5-b-q1-allBands,"윤정후 씨, 형을 지키려 했다는 이유가 있더라도 어머니가 남긴 처음 적힌 비율 뜻을 당신이 고쳐 쓴 책임까지 없어지는 건 아니지 않습니까?",尹正厚先生，即使你有理由保护你的兄弟，这是否意味着你也有责任改变你母亲原来写下的比率的含义？,non_party_scripted_text,D2,P1,尹正厚先生，即使您有保护哥哥的理由，也不能抹去您改写母亲最初留下的比例含义这一责任，不是吗？,尹正厚先生，即便您是为了保护哥哥，您改动母亲最初写下的比例这一责任也不会消失，不是吗？,a,0.9,dc-5.b.q1 early/mid/late 반복. 책임까지 없어지는 건 아니지 않습니까 is weakened/miscast as responsibility to change.,a,尹正厚先生，即使您有保护哥哥的理由，也不能抹去您改写母亲最初留下的比例含义这一责任，不是吗？,applied,source_path,3,3,0,src/data/scriptedText/family-01.zh-CN.json
family-01-witness-w-2-role,김영수 공증인 메모 담당,金英秀 公证人票据,witness_testimony,D6,P1,金英秀 公证人备忘记录负责人,金英秀 公证处记录员,a,0.97,"w-2 entries 3-5. 票据 means bill/note instrument, not memo-record 담당.",a,金英秀 公证人备忘记录负责人,applied,family_special,6,6,0,
family-01-witness-w-3-name-role,박순애 퇴직,苏奈公园 退休,witness_testimony,D6,P1,朴顺爱 退休,朴顺爱 退休人员,a,0.99,w-3 entries 6-8. Park surname was translated as 公园; glossary requires 朴顺爱.,a,朴顺爱 退休,applied,family_special,6,6,0,
family-01-witness-w-3-partial-v2,태성이 공장 일이 어려울 때 정후 돈이 들어갔다는 말을 들었습니다. 직접 본 장부는 아닙니다.,我听说泰成的工厂困难时，另一来源的钱进去了。我没有亲眼看到账簿。,witness_testimony,D2,P1,我听说泰成的工厂陷入困难时，正厚的钱也投了进去。我没有亲眼看到账簿。,我听说泰成工厂出问题时，有正厚的钱流了进去。账簿我没有亲眼见过。,a,0.9,"정후 돈 becomes vague 另一来源的钱, losing the key source.",a,我听说泰成的工厂陷入困难时，正厚的钱也投了进去。我没有亲眼看到账簿。,applied,source_path,1,1,0,src/data/scriptedText/family-01.zh-CN.json
family-01-witness-w-3-full-v1,어머님은 정후가 20년 가까이 매달 돈을 보내줬다고 하셨습니다. 태성이 공장 위기 때도 정후 돈이 들어갔다고 들었습니다.,母亲说，正厚将近二十年来每个月都汇钱。泰成的工厂出现危机时，我也听说另一来源的钱进去了。,witness_testimony,D2,P1,母亲说，正厚将近二十年来每个月都汇钱。泰成的工厂出现危机时，我也听说正厚的钱投了进去。,母亲说正厚近二十年来每月汇钱。泰成的工厂遇到危机时，我也听说进去的是正厚的钱。,a,0.91,정후 돈 again diluted to 另一来源的钱 in full testimony.,a,母亲说，正厚将近二十年来每个月都汇钱。泰成的工厂出现危机时，我也听说正厚的钱投了进去。,applied,source_path,1,1,0,src/data/scriptedText/family-01.zh-CN.json
family-01-term-judge-title-caipanguan,재판관님 / 재판관,裁判官,non_party_scripted_text,D6,P1,法官,,a,0.86,"glossary current_zh=法官. 350 scriptedText occurrences plus 6 phase1 dialogue occurrences use 裁判官, causing term inconsistency.",a,法官,applied,exact,0,3,0,src/data/scriptedText/family-01.zh-CN.json|src/data/cases/generated/family-01.zh-CN.json|src/data/dialogues/phase1/family-01.zh-CN.json
family-01-term-handwritten-draft-lianxiben,자필 연습본,亲笔练习本,non_party_scripted_text,D6,P1,亲笔遗嘱草稿,亲笔草稿,a,0.9,glossary evidence term is 母亲亲笔遗嘱草稿. 353 scriptedText occurrences plus mediation occurrence use 练习本/notebook wording.,a,亲笔遗嘱草稿,applied,unresolved,0,0,0,src/data/scriptedText/family-01.zh-CN.json|src/data/scriptedAngles/family-01_angle_catalog.zh-CN.json|src/data/cases/generated/family-01.zh-CN.json|src/data/dialogues/mediation/family-v3-01.zh-CN.json
family-01-interrogation-a-d-1-S0-fact-pursuit-v4,그 비율을 보는 순간 이건 어머니 뜻만으로 나온 게 아니라고 확신했습니다. 제가 해 온 시간이 통째로 지워진 느낌이었습니다.,遗嘱上记下的份额安排和我多年照顾母亲的经历不相称。母亲晚年判断已经吃力，那张纸不能由它一人说了算。,non_party_scripted_text,D2,P1,看到那个比例的瞬间，我确信这不可能只是母亲自己的意思。我感觉自己付出的时间被整个抹掉了。,看到那份比例时，我立刻认定这不可能只出自母亲的意愿，自己这些年的付出仿佛被一笔抹掉。,a,0.87,Template collapse: same zh reused for v1/v4/v7/v10 while KO variants differ; individual nuance lost.,a,看到那个比例的瞬间，我确信这不可能只是母亲自己的意思。我感觉自己付出的时间被整个抹掉了。,applied,source_path,1,1,3,src/data/scriptedText/family-01.zh-CN.json
family-01-interrogation-a-d-1-S0-motive-search-v4,제 동생은 불리한 말은 잘 안 꺼내는 사람입니다. 어머니가 약해진 때를 골라 자기에게 유리한 말만 쌓았다고 저는 봅니다.,我要问的是这份遗嘱是怎么形成的。母亲身边谁在最后那段日子里影响了她的决定，这个顺序必须先理清。,non_party_scripted_text,D2,P1,我弟弟是不太会主动说不利于自己的话的人。我认为他趁母亲虚弱时，只把对自己有利的话一点点堆了上去。,我看他是在母亲变弱的时候，只把对自己有利的话放到母亲身边。,a,0.88,"Target is a generic will-formation line, not the source's accusation about selective self-serving speech.",a,我弟弟是不太会主动说不利于自己的话的人。我认为他趁母亲虚弱时，只把对自己有利的话一点点堆了上去。,applied,source_path,1,1,3,src/data/scriptedText/family-01.zh-CN.json
family-01-interrogation-a-d-1-S0-empathy-approach-v4,제 동생에게도 큰 몫이 간다는 사실보다 어머니가 제게 아무 말도 없이 떠나셨다는 게 더 아팠습니다.,我不是要剥夺谁的份额。我只是希望母亲真正的意思能被听见，而不是被一张纸盖过去。,non_party_scripted_text,D2,P1,比起弟弟也分到很大份额这件事，更让我痛的是母亲一句话也没留给我就离开了。,不是弟弟拿得多更痛，而是母亲没有对我说一句就走了，这一点更刺痛我。,a,0.88,Target replaces emotional nuance with a generic fairness statement.,a,比起弟弟也分到很大份额这件事，更让我痛的是母亲一句话也没留给我就离开了。,applied,source_path,1,1,3,src/data/scriptedText/family-01.zh-CN.json
family-01-rapport-a-low_to_mid-v2,처음엔 제 말이 끊길까 봐 더 세게 말했습니다. 이제는 조금 낮춰 말할 수 있을 것 같습니다.,比起最初，比起最初对裁判官说话，现在我没那么硬了。还远没把握把整件事讲清，但开始能开口。但我还没有把握把一切讲完。,non_party_scripted_text,D2,P1,一开始我怕自己的话被打断，所以说得更强硬。现在我想我可以稍微放低一些来说。,刚开始我怕话被截断，才说得那么重。现在应该能放缓一点说。,a,0.9,Repeated 比起最初 and added content not in KO; rapport variant meaning is not preserved.,a,一开始我怕自己的话被打断，所以说得更强硬。现在我想我可以稍微放低一些来说。,applied,source_path,1,1,0,src/data/scriptedText/family-01.zh-CN.json
family-01-contradict-a-1-v2,앞서 말한 것과 지금 말이 달라 보일 수 있습니다. 제 분노가 먼저 나간 탓도 있습니다.,我承认话有摇摆。我承认话有摇摆。但我并不是想把弟弟做的部分一起含糊掉。但我不打算再绕开。,non_party_scripted_text,D2,P1,我前面说的话和现在的话可能看起来不一样。也有我先被愤怒推着说出口的原因。,我知道前后说法可能显得不一致，其中也有愤怒先冲出去的缘故。,a,0.9,Target duplicates first sentence and changes the self-blame nuance into a generic non-evasion line.,a,我前面说的话和现在的话可能看起来不一样。也有我先被愤怒推着说出口的原因。,applied,source_path,1,1,5,src/data/scriptedText/family-01.zh-CN.json
family-01-phase1-dialogue-11,"알겠습니다. 그래도 재판관님, 말년의 어머니가 저 비율을 스스로 정했다는 말은 저는 도저히 받아들이기 어렵습니다.",好。但裁判官——母亲晚年的人，自己定下那个比例？我实在难以接受。,non_party_scripted_text,D1,P1,我明白。可是法官，我实在很难接受晚年的母亲是自己定下那个比例的说法。,我知道了。但法官，要说晚年的母亲亲自决定了那个比例，我实在无法接受。,a,0.96,母亲晚年的人 is ungrammatical and changes the predicate structure.,a,我明白。可是法官，我实在很难接受晚年的母亲是自己定下那个比例的说法。,applied,source_path,1,1,0,src/data/dialogues/phase1/family-01.zh-CN.json
family-01-judgeq-d-1-fact-pursuit-a-general-v3,동생은 어머니가 유서 내용을 이해하고 뜻을 표시하셨다고 진술합니다. 본인이 같은 시기에 본 어머니 모습과 어긋나는 부분이 있다면 사실관계 중심으로 짚어 주십시오.,弟弟陈述称母亲理解了遗嘱内容并表达了意愿。如果这与您同一时期看到的母亲状态有不一致之处，请以事实关系为中心指出。,judge_question_script,D1,P2,弟弟称母亲理解了遗嘱内容并表达了意愿。如果这与您同期看到的母亲状态不一致，请围绕事实指出差异。,弟弟说母亲理解遗嘱内容并表达了意愿。若与您当时看到的状态不符，请只就事实说明差异。,a,0.82,以事实关系为中心指出 is translationese; meaning recoverable.,a,弟弟称母亲理解了遗嘱内容并表达了意愿。如果这与您同期看到的母亲状态不一致，请围绕事实指出差异。,applied,source_path,1,1,0,src/data/scriptedAngles/family-01_judge_questions.zh-CN.json
family-01-judgeq-d-1-fact-pursuit-a-general-v4,공증된 서류에 남은 절차와 본인이 기억하는 어머니 상태가 어디에서 갈리는지 기록 쪽과 본인 기억 쪽을 따로 정리해 주십시오.,请分别从记录一方和您记忆一方，整理公证文件中留下的程序与您记忆中的母亲状态在哪里出现分歧。,judge_question_script,D1,P2,请分别根据记录和您自己的记忆，说明公证文件里的程序与您记得的母亲状态在哪些地方不一致。,请把公证文件中留下的程序和您记忆中的母亲状态分开整理，说明两者在哪里不同。,a,0.86,记录一方/记忆一方 is Korean-style phrasing in zh-CN.,a,请分别根据记录和您自己的记忆，说明公证文件里的程序与您记得的母亲状态在哪些地方不一致。,applied,source_path,1,1,0,src/data/scriptedAngles/family-01_judge_questions.zh-CN.json
family-01-judgeq-d-1-fact-pursuit-a-mother-intent-v4,"의무기록과 본인이 기억하는 어머니 모습이 다른 부분이 있다면, 기록 쪽과 본인 기억 쪽을 따로 답해 주십시오.",如果医疗记录与您记忆中的母亲状态有不同之处，请分别从记录一方和您记忆一方作答。,judge_question_script,D1,P2,如果医疗记录与您记得的母亲状态不一致，请分别按照记录和您的记忆作答。,若病历和您记忆中的母亲状态不同，请把记录显示的内容与您的记忆分开说明。,a,0.86,Same 记录一方/记忆一方 Korean-order issue.,a,如果医疗记录与您记得的母亲状态不一致，请分别按照记录和您的记忆作答。,applied,source_path,1,1,0,src/data/scriptedAngles/family-01_judge_questions.zh-CN.json
family-01-judgeq-d-1-motive-search-b-general-v2,"작성과 공증 일정이 진행되는 동안, 형에게 곧바로 알리지 않고 본인 선에서 정리해 두기로 한 이유가 무엇입니까.",在订立与公证日程推进期间，您为什么没有立即告知哥哥，而是决定先在自己这边整理？,judge_question_script,D1,P2,在订立和公证流程推进期间，您为什么没有立刻告诉哥哥，而是决定先由自己整理好？,办理遗嘱和公证期间，您为什么没有马上告知哥哥，而是先自己处理整理？,a,0.8,在自己这边整理 is understandable but translationese.,a,在订立和公证流程推进期间，您为什么没有立刻告诉哥哥，而是决定先由自己整理好？,applied,source_path,1,1,0,src/data/scriptedAngles/family-01_judge_questions.zh-CN.json
family-01-judgeq-d-1-empathy-approach-a-mother-intent-v5,"윤태성 씨, 어머니가 보이신 뜻과 본인이 그렇게 믿고 싶은 뜻을 분리해 주십시오. 두 가지가 같은 결인지 다른 결인지부터 짚어 주시면 됩니다.",尹泰成先生，请区分母亲表现出的意愿和您希望相信的意愿。先指出两者是同一脉络还是不同脉络即可。,judge_question_script,D1,P2,尹泰成先生，请区分母亲表现出的意愿和您希望相信的意愿。先说明这两者是一致还是不同即可。,尹泰成先生，请把母亲实际表现出的意思和您希望相信的意思分开。先说清两者是否一致即可。,a,0.83,同一脉络/不同脉络 is stiff and abstract for this judge line.,a,尹泰成先生，请区分母亲表现出的意愿和您希望相信的意愿。先说明这两者是一致还是不同即可。,applied,source_path,1,1,0,src/data/scriptedAngles/family-01_judge_questions.zh-CN.json
family-01-judgeq-d-5-motive-search-a-mother-voice-v4,"어머니의 말을 본인이 받아들이지 않은 자리가 있다면, 그 거부의 동기는 무엇입니까.",如果曾有您没有接受母亲话语的位置，请问这种拒绝的动机是什么？,judge_question_script,D1,P2,如果有某个场合您没有接受母亲的话，请说明当时拒绝接受的动机。,如果曾有某一刻您没有接受母亲的意思，请说明您拒绝的原因。,a,0.88,"位置 mistranslates 자리; sounds like physical location, not occasion.",a,如果有某个场合您没有接受母亲的话，请说明当时拒绝接受的动机。,applied,source_path,1,1,0,src/data/scriptedAngles/family-01_judge_questions.zh-CN.json
family-01-phase1-dialogue-22,"재판관님, 제가 어머니를 모시고 산 사람입니다. 식사 챙기고, 병원 모시고 가고, 실수 수습한 것도 다 저였습니다. 그런데 왜 유서에서 제가 40이어야 합니까.",裁判官，是我和母亲住在一起的人。给她做饭、陪她去医院、收拾她的失误——都是我。那为什么遗嘱上我是四？,non_party_scripted_text,D1,P2,法官，是我一直和母亲住在一起。给她做饭、陪她去医院、替她收拾失误的人都是我。可为什么遗嘱里我只有四成？,法官，我才是和母亲一起生活、照顾她的人。做饭、陪她去医院、处理她犯下的错，都是我。为什么遗嘱里我只能是四成？,a,0.84,我是四 is clipped and unnatural; also uses non-glossary 裁判官.,a,法官，是我一直和母亲住在一起。给她做饭、陪她去医院、替她收拾失误的人都是我。可为什么遗嘱里我只有四成？,applied,source_path,1,1,0,src/data/dialogues/phase1/family-01.zh-CN.json
