priority,locale,key_or_source,issue,recommendation
PASS,all,decision 1 (numeric prefix),"pc.verdict.step.{fact|responsibility|solution|confirm}: KO retains `01 / 02 / 03 / 04` prefix; en/ja/zh-CN drop. pc.resultTab.* not in this batch (Codex pending other surfaces). Decision 1 correctly applied for verdict steps.",no action
PASS,en|ja|zh-CN,decision 5 (compact aliases),"9 expected `.compact` suffix keys × 4 locales = 36 entries verified. Slot family: pc.hotbar.slot.{fact|motive|empathy|free|evidence|witness}.compact. Special family: pc.hotbar.special.{separation|confidential|immediate}.compact. EN values shortened (Fact/Motive/Empathy/Free/Evidence/Witness + Separate/Protect/Demand). JA + zh-CN compact = same as `.label` (no compact form needed per Thread-05 LONG_TEXT_RECOMMENDATIONS — JA/zh-CN do not need compact aliases).",no action
PASS,all,decision 8 (forbidden-brand linter),"grep across `src/i18n/messages/**` for `Project Solomon` / `Solomon's Dilemma` / `Solomon Court` / `ソロモン法廷` / `所罗门的法庭` / `所罗门的两难` / `所罗门困境`: zero matches in new verdict.ts + hotbar.ts.",no action
PASS,all,disclosure-policy lexeme leak,"pc.verdict.fact.locked keeps abstract gating in all 4 locales (KO 아직 밝혀지지 않은 내용입니다 / EN This has not been revealed yet. / JA まだ明らかになっていない内容です / zh-CN 该内容尚未揭示) — no truth content exposed. pc.verdict.factOption.* uses {party} placeholder, no case-specific truth content.",no action
PASS,zh-CN,裁决 / 判决 process-vs-record split,"verdict.sidebar.eyebrow=裁决工作台 + title.final=最终裁决 + footer.submit=确认裁决 + footer.submitting=正在记录裁决 (process/action). verdict.step.confirm=判决书 (record/document). hotbar.advance.interrogation=进入裁决阶段 (process). Split correctly applied per Thread-05 FINAL_NORMALIZED_TERMS row notes.",no action
P1,ko,lie_state_s4 / lie_state_s5 KO source vs glossary mismatch,"verdict.ts: lie_state_s4 KO=한계 / lie_state_s5 KO=고백. Glossary (line 109-110): lie_state_s4 KO=붕괴 / lie_state_s5 KO=자백. KO source canonical (Codex preserved component literal); glossary KO field is stale.","Update glossary lie_state_s4 KO 붕괴→한계 and lie_state_s5 KO 자백→고백 to match canonical source. Then verify EN/JA/zh-CN values across the cluster (see next 2 rows)."
P1,en,lie_state_* EN form scheme conflict (noun vs adjective/verb),"verdict.ts EN: Defensive / Shaken / Excusing / Cornered / At Limit / Confessed (mostly adjective/verb forms). Glossary EN (lines 105-110): Defense / Wavering / Excuse / Cornered / Breaking / Confession (noun forms). Different schema.","Pick one scheme. If Codex schema canonical, update glossary EN values. Recommend Codex schema (Defensive/Shaken/Excusing/Cornered/At Limit/Confessed) — reads more naturally as character state on a meter. Will affect glossary lie_state_s0/s1/s2/s4/s5 EN rows."
P1,ja|zh-CN,lie_state_* JA / zh-CN drift from glossary,"JA: 防御/動揺/弁明/窮地/限界/告白 (Codex). Glossary JA: 防衛/動揺/弁明/窮地/崩壊/自白. Mismatches at S0 (防御 vs 防衛), S4 (限界 vs 崩壊), S5 (告白 vs 自白). zh-CN: 防备/动摇/辩解/被逼入角/到达极限/承认 (Codex). Glossary zh-CN: 防御/动摇/辩解/窘迫/崩溃/自白. Mismatches at S0 (防备 vs 防御), S3 (被逼入角 vs 窘迫), S4 (到达极限 vs 崩溃), S5 (承认 vs 自白).","After KO/EN scheme decision, propagate to JA/zh-CN. Recommend updating glossary to match Codex (KO source canonical, EN scheme = adjective/verb). Verify JA 告白 vs 自白 and zh-CN 承认 vs 自白 with native review — 自白 is more legal/specific (`confession` proper) while 告白/承认 lean to general admission."
P1,en,emotion_defensive EN deviation,"hotbar.ts: pc.hotbar.emotion.defensive EN=Defensive. Glossary line 100: emotion_defensive EN=Guarded. Same KO 경계.","Pick one. Recommend Codex value Defensive (matches lie_state_s0 Defensive scheme + reads naturally as emotion meter state). Update glossary."
P1,en,emotion_angry EN deviation,"hotbar.ts: pc.hotbar.emotion.angry EN=Agitated. Glossary line 103: emotion_angry EN=Enraged. Same KO 격앙.","Pick one. Both reasonable; Agitated is milder than Enraged. Recommend Codex Agitated for emotion meter (less dramatic than the rare-trigger 격앙 outburst). Update glossary if Agitated stays."
P1,zh-CN,emotion_defensive + emotion_angry zh-CN deviation,"hotbar.ts: emotion.defensive zh-CN=防备 vs glossary 警戒. emotion.angry zh-CN=激动 vs glossary 激愤.","Same as EN — pick canonical. Recommend Codex (防备 / 激动) — 防备 reads more natural emotion-state than 警戒 (more military). 激动 is broader than 激愤 but works as meter state. Native review."
P1,en,verdict.step.solution EN deviates from glossary,"verdict.ts: pc.verdict.step.solution EN=Resolution. Glossary line 31: solution EN=Solution. Same applies to pc.verdict.meta.solutions EN=Resolutions (plural).","Either: (a) align Codex to glossary (Solution / Solutions) — recommended for consistency, OR (b) add new disambiguator glossary row `verdict_step_solution`=Resolution to document step concept distinct from gameplay solution noun (mirrors score_axis_* disambiguation pattern)."
P1,ja,verdict.step.solution + meta.solutions JA deviates from glossary,"verdict.ts: pc.verdict.step.solution JA=解決案 + pc.verdict.meta.solutions JA=解決案. Glossary line 31: solution JA=解決策.","Same as EN row. Pick canonical. Recommend align glossary JA solution row 解決策→解決案 IF design intent matches Thread-05 FINAL_NORMALIZED_TERMS notes (`解決策 reserved for choice copy, 解決案 for step/proposal context`). OR align Codex to glossary 解決策."
P1,en,verdict.step.confirm EN=Decision deviates from glossary verdict=Verdict,"verdict.ts: pc.verdict.step.confirm EN=Decision. Glossary line 28: verdict EN=Verdict. Codex chose Decision to disambiguate the verdict STEP from the verdict gameplay PHASE.","Recommend keep Codex Decision as intentional disambiguator. Add new glossary row `verdict_step_decision` (KO=04 판결문 / EN=Decision / JA=判決文 / zh-CN=判决书) to document the step concept distinct from gameplay verdict noun. This mirrors the score_axis_* pattern."
P1,en,verdict.step.fact EN=Fact Finding,"verdict.ts: pc.verdict.step.fact EN=Fact Finding. KO 쟁점 판단. Glossary has fact=Fact + dispute=Dispute but no `verdict_step_fact` row. Fact Finding is a legal-process term that doesn't conflict with either glossary noun.","Add new glossary row `verdict_step_fact_finding` (KO=01 쟁점 판단 / EN=Fact Finding / JA=争点判断 / zh-CN=争议判断) to document the step concept. Mirrors score_axis_* + verdict_step_decision disambiguation pattern."
P1,en,verdict.step.responsibility — minor JA/zh-CN expansion,"verdict.ts: pc.verdict.step.responsibility KO=02 안건 책임 / EN=Responsibility / JA=責任配分 / zh-CN=责任分配. Glossary line 30: responsibility = Responsibility / 責任 / 责任. Codex JA/zh-CN add 配分/分配 (allocation suffix) for the step-action sense.","Acceptable. Add usage note to glossary responsibility row: `In verdict step context, JA renders 責任配分 (allocation) and zh-CN renders 责任分配; bare noun used elsewhere.` No glossary value change."
P2,all,em-dash typography polish missing,"Thread-01 COVERAGE_REPORT proposed em-dash `—` for 6+ verdict + hotbar slot title keys; Codex applied ASCII hyphen `-`. Affected: pc.verdict.factOption.partyClaimCorrectWithContradiction (en/ja/zh-CN) / pc.verdict.factOption.defer (en/ja/zh-CN) / pc.verdict.confirm.judgment.true / .false (en/ja/zh-CN) / pc.hotbar.slot.fact.title / .motive.title / .empathy.title / .free.title (en/zh-CN) — 18+ instances total.","Apply em-dash polish in a single CSS-or-text PR. Low priority but Thread-01 specifically called this out for CJK polish."
P2,en,hotbar.special compact deviations from Thread-05 proposal,"Codex compact: separation=Separate / confidential=Protect / immediate=Demand. Thread-05 LONG_TEXT_RECOMMENDATIONS proposed: Separate / Confidential / Immediate. Codex chose verb-style (Protect / Demand) instead of noun/adverb-style (Confidential / Immediate).","Both schemes work. Recommend keep Codex values (Protect / Demand) — verb-style reads better as compact action chip. Document choice in Thread-05 follow-up."
P2,en,hotbar.slot compact deviations,"Codex compact: fact=Fact / free=Free. Thread-05 LONG_TEXT_RECOMMENDATIONS proposed: Facts / Free Q.","Minor. Both work. Recommend keep Codex values (Fact / Free) for parity with other compact (single noun)."
P2,all,residual hardcoded KO labels in 6 sibling components,"grep found inline KO labels still present: PCCourtLayout.tsx:654-656 (분리 심문 / 비공개 보호 / 즉답 요구), PCActionsPanel.tsx:44 (증거 제시), PCInteractionPanel.tsx:645 (즉답 요구), PCRecordSummary.tsx:156 (증거 제시), ArchetypeTag.tsx:14-16 (사실 추궁 / 동기 탐색 / 공감 접근), hotbarHighlight.tsx:86-88 (same 3 keywords). These are OUTSIDE the announced re-check scope (PCVerdictScreen + PCBottomDock) but consume the same concepts.","Out of recheck scope. Flag for next Codex pass: PCActionsPanel + PCInteractionPanel + PCRecordSummary + PCCourtLayout consume the migrated labels and need t() conversion. ArchetypeTag.tsx + hotbarHighlight.tsx use KO keywords as INTERNAL pattern-matching (highlight system); verify if these are pure data keys (do not display) — if so, keep as-is."
P2,all,hardcoded toast / dialogue literals (Thread-02 P1 carry-over),"Restart Thread-05 RECHECK scope explicitly said `verdict/hotbar 신규 키` only. The 9 hardcoded KO toast/dialogue literals from Thread-02 P1 (PCInteractionPanel × 2, PCRightPanel × 4, useActionDispatch × 2, resourceSlice × 2) are NOT in this batch. Flag as still-pending.","Out of recheck scope. Pending Codex follow-up per Restart Thread-05 IMPLEMENTATION_NOTES section 2."
P2,all,observation Set migration not in this batch,"Decision 6 sequence: SLIDES → EMOTION_LABELS → observation Set. SLIDES applied; EMOTION_LABELS now migrated (this batch); observation Set still pending.","Out of recheck scope. Will require separate migration + recheck pass per decision 6 sequencing."
