priority,file_or_component,risk,affected_locales,recommendation
P0,src/components/pc/settings/PCSettingsPanel.tsx :: CATEGORIES sidebar (화면/오디오/게임플레이/데이터/언어/접근성/키보드/계정/정보) and __badge '준비 중' — all hardcoded Korean,"Sidebar is rendered even when locale=en/ja/zh-CN; user who switched language sees Korean labels everywhere except language section. Most visible bug after language switch.",en|ja|zh-CN,"Move CATEGORIES labels to settings.* namespace (settings.category.display / .audio / .gameplay / .data / .language / .accessibility / .controls / .account / .about) and the badge to settings.category.preview; render via t(). Keep .pc-settings-sidebar__label and force min-width:0 + overflow:hidden + text-overflow:ellipsis."
P0,src/components/pc/settings/PCSettingsPanel.tsx :: AboutSection — '정보' / '버전' / '빌드' / '엔진' / '크레딧' / '라이선스' inline literals,"Settings → About card shows Korean even after switching to en/ja/zh-CN; the only translatable lines today are credits.title and credits.description.",en|ja|zh-CN,"Add settings.about.* keys (title / description / version / build / engine / credits / license) and switch the literals to t(). No layout change needed once strings are translatable."
P0,src/components/pc/verdict/PCVerdictScreen.tsx :: STEPS '01 쟁점 판단 / 02 안건 책임 / 03 해결안 / 04 판결문' + footer literals '이전 단계' / '다음 단계' / '판결 확정' / '판결 기록 중...' / '모든 쟁점을 먼저 판단하세요',"Zero t() calls in this file; the entire verdict flow is Korean. EN/JA/zh-CN players land on a Korean wall.",en|ja|zh-CN,"Add verdict.step.fact / .responsibility / .solution / .confirm and verdict.footer.* keys; drop the numeric prefix on non-KO via the t() value. Add min-width:0 + overflow-wrap:break-word on .pc-verdict-rail__chip and .pc-verdict-step-link so localized labels do not clip."
P0,src/components/pc/hotbar/PCBottomDock.tsx :: ZERO t() calls — all hotbar slots / special actions / question-choice overlay / advance banner are inline Korean,"Most-used in-play surface is unlocalized. Slots are also fixed-width and cannot accommodate longer EN labels even after translation.",en|ja|zh-CN,"Add hotbar.* keys (slot.factPursuit / .motiveSearch / .empathyApproach / .freeQuestion / .evidencePresent / .witnessSummon plus 3 special actions); translate the question-choice overlay header and dispute hint. Combine with the .slot-nm 2-line clamp from PATCH_SUGGESTIONS."
P0,src/app/pc.css :4565-4574 :: .pc-intro__brand-copy / .pc-home-v2__eyebrow / .pc-mode-card__badge / .pc-panel-card-v2__eyebrow / .pc-stage-preview-v2__eyebrow apply 'text-transform:uppercase; letter-spacing:0.2em',"These rules now wrap localized strings (t('splash.subtitle') / season.name) — uppercase is a no-op for KO/JA/zh-CN but the 0.2em tracking widens hangul/kana/hanzi visibly and looks broken on zh-CN. Violates the locked rule 'Only English may keep uppercase eyebrow/label styling'.",ko|ja|zh-CN,"Scope the existing uppercase + 0.2em rule to html[lang^='en'] only. For non-EN, keep font-size/weight/color but set text-transform:none and letter-spacing:0.04em-0.06em. Eyebrow strings that are intentionally English brand constants (RESULT DOSSIER / VERDICT STUDIO / GENERAL MODE / JUDGE PROFILE / JUDGE AXES / PLAY HISTORY / DISPLAY / AUDIO / GAMEPLAY / LIVE / SETTINGS / JUDGE DESK) stay as inline literals — fine."
P0,src/app/pc.css :4719-4728 :: .pc-home-v2__hero h1 has 'white-space: nowrap' with font-size clamp(44px,4.6vw,64px),"Renders t('home.gameTitle'). EN 'Verdict Zero: Trial of Truth' (28 chars) at 64px ≈ 980-1100px plus two 48px scale ornaments + 28px gaps. Tight at 1280×800 (Steam Deck) and clips below.",en,"Replace nowrap with controlled wrap: white-space:normal; word-break:keep-all (default) / overflow-wrap:break-word; line-height:1.05; allow 2 lines via max-width:min(1100px, 100% - 200px). On EN add letter-spacing:-0.02em to keep weight."
P0,src/app/PCApp.tsx :120-130 :: pc-splash and pc-loading-screen show only after browser-locale auto-detect,"Splash/SteamAuth/Preparing screens render before user can open Settings. PCLanguageSelector was removed; user with mismatched browser locale sees text in detected language with no in-screen way to switch. Not a layout clip but a discoverability blocker for ko/ja/zh-CN players whose browser reports en.",en|ja|zh-CN,"Either re-introduce a small selector inside .pc-splash__content (icon-only menu, fixed top-right) or persist the chosen locale earlier (e.g. via the launcher / Steam locale handoff). Defer to PROJECT_CONTROL_TOWER."
P1,src/components/pc/home/PCIntroSlides.tsx :44-91 :: hardcoded '건너뛰기' / '이전' / '로비 입장' / '다음' + slide.kicker/title/body strings,"Slide content is Korean and the brand band tries to fit brand.fullTitle + splash.subtitle + kicker + 2 separators in a single inline-flex row. EN form ('Verdict Zero: Trial of Truth | COURT SIMULATION GAME | <kicker>') overflows at 1280×800.",en|ja|zh-CN,"Translate the buttons via intro.* keys; allow the brand band to flex-wrap and clamp .pc-intro__brand-copy with overflow:hidden + text-overflow:ellipsis + min-width:0. Make .pc-intro__brand-name and .pc-intro__brand-copy share a min-width:0 group."
P1,src/components/pc/home/PCHomeScreen.tsx :: ModeCard badge='NORMAL MODE' + DepthHeader eyebrow='GENERAL MODE / JUDGE DESK / SETTINGS' inline + 'NORMAL MODE' / season.name (KO) flowing into .pc-mode-card__badge,"badge='NORMAL MODE' + season.name='시즌 7' both feed the same .pc-mode-card__badge styling that uppercases + tracks 0.2em. Mixed render: EN brand string OK, KO season name distorted.",ko|ja|zh-CN,"Either: (a) keep .pc-mode-card__badge uppercase only when content is detected as Latin via :lang() / lang attr; or (b) split badge into two classes — one for English brand constants (--brand) and one for localized season names. Recommend (b) and apply the locale rule from P0 row 5."
P1,src/components/pc/home/PCHomeScreen.tsx :387-541 :: '일반 모드' / '시즌 모드' / '재판관 정보' / '판결 기록' / '재판관 관리' / '리더보드' / '시즌 랭킹' / '명예의 전당' / '설정' / '화면' / '오디오' / '게임플레이' / '라이브 상태' inline literals,"All home-tab and judge-desk titles still Korean. Result tabs, mode-card titles, modal copy hardcoded.",en|ja|zh-CN,"Migrate home titles into home.* namespace (home.mode.general / .season / .judgeDesk / .leaderboard etc.). Add CSS guard: .pc-mode-card__title { word-break:keep-all; overflow-wrap:break-word; max-width:100% }."
P1,src/components/pc/result/PCResultScreen.tsx :: TABS '01 결과 확인 / 02 판결 선고 / 03 후일담 / 04 보너스' + getRating ('전설적인 재판관' etc.) inline + RESULT DOSSIER eyebrow literal,"Result frame has 6 t() calls but core tab labels and rating are still Korean. EN translations will increase length and need ellipsis or numeric-prefix removal.",en|ja|zh-CN,"Add result.tab.* and result.rating.* keys; render via t(). Keep RESULT DOSSIER eyebrow as English brand constant per P0 row 5. Add min-width:0 + overflow-wrap:break-word on .pc-result-tab and .pc-result-step-link."
P1,src/app/pc.css :4389-4392 :: .pc-splash__sub has letter-spacing:0.16em (no uppercase),"Renders t('splash.subtitle'). KO '법정 시뮬레이션 게임' / JA '法廷シミュレーションゲーム' / zh-CN '法庭模拟游戏' with 0.16em tracking visibly distorts CJK characters; EN 'COURT SIMULATION GAME' is the only locale where 0.16em looks intentional.",ko|ja|zh-CN,"Scope letter-spacing:0.16em to html[lang^='en'] only; for non-EN reduce to 0.04em or 0."
P1,src/components/pc/hotbar/PCBottomDock.tsx :478-486 + pc.css :24180-24277 :: .hotbar-special-btn (분리 심문 / 비공개 보호 / 즉답 요구) max-width 92→58px with white-space:nowrap + ellipsis at narrow breakpoints,"After translation EN 'Confidential Protection' / 'Separate Interrogation' / 'Demand Immediate Answer' will clip to 1-2 chars; JA/zh-CN borderline at 58px.",en|ja|zh-CN,"Raise max-width to 120px ≥1320px; below 1320px hide inner span and rely on icon + kbd + title=. Localize the 3 labels and the title= attribute first."
P1,src/components/pc/hotbar/PCBottomDock.tsx :490-535 + pc.css :9470-9476 :: .slot-nm '사실 추궁 / 동기 탐색 / 공감 접근 / 자유 질문 / 증거 제시 / 증인 소환' at font-size:10px in 6-col minmax(62px,1fr),"After translation EN slot labels (≈12 chars) cannot single-line; no clamp/ellipsis fallback today.",en|ja|zh-CN,"Apply 2-line -webkit-line-clamp clamp; raise .slot min-height to 62px; ship compact EN aliases (Facts / Motive / Empathy / Free Q / Evidence / Witness) via glossary."
P1,src/components/pc/home/PCHomeScreen.tsx :512-513 :: leaderboard / hall-of-fame rows formatHallOfFameCaseLabel rendered inside .pc-ranking-row-v2__copy with no min-width:0/ellipsis,"Long EN/JA/zh-CN case titles push score column off-screen.",en|ja|zh-CN,"Add min-width:0 to .pc-ranking-row-v2 and .pc-ranking-row-v2__copy; clamp title <strong> with overflow:hidden + text-overflow:ellipsis + white-space:nowrap; same for subtitle <span>."
P1,src/components/pc/home/PCHomeScreen.tsx :413-417 :: AxisRow poles '논리/직관' / '엄격/관용' / '원칙/봉합',"EN/JA pole labels double width and may collide with the indicator dot.",en|ja|zh-CN,"Translate via judgeProfile.axis.* keys; clamp .pc-axis-row__pole to max-width:6em; text-align:center; line-height:1.1; font-size:11px."
P1,src/components/pc/layout/PCCourtLayout.tsx :27-38 :: PHASE_LABELS hardcoded ('사건 브리핑' / '사전진술' / '심문' / '판결 진입' / '판결' / '결과') and rendered as 'Phase ${num} - ${label}',"Phase pill in court header stays Korean for non-KO locales.",en|ja|zh-CN,"Add court.phase.* keys; render via t(); keep nowrap but allow ellipsis fallback in case of long EN phase labels."
P1,src/components/pc/layout/PCInteractionPanel.tsx :: action button labels ('⚡-1 분리 심문 실행' etc.) and modal headers built from inline Korean,"Modal buttons still Korean; emoji prefixes block translation length math.",en|ja|zh-CN,"Migrate to interactionPanel.* keys; drop the emoji prefix and render the symbol via PCSvgIcon for consistent layout. Keep .pc-interaction-card__action min-width:180px + flex-wrap:wrap."
P1,src/components/pc/home/PCHomeScreen.tsx :550-560 :: ScreenPresetConfirmModal '예 / 아니요' inline + pc-resolution-confirm__count seconds line uses pc.home.countdown.* but the button strings are not localized,"EN translation 'Yes / No' too small; 'Confirm / Cancel' would unbalance.",en|zh-CN,"Add resolutionConfirm.confirm / .cancel keys; bump .pc-inline-button min-width to 96px inside .pc-resolution-confirm__actions."
P1,src/components/pc/hotbar/PCBottomDock.tsx :340-348 :: pc-advance-banner duplicates the verb ('판결 단계로 진행할 수 있습니다' + button '판결 단계로 진행'),"After EN translation the banner repeats 'Advance to Verdict' twice and exceeds 1280px width; current rule has no flex-wrap.",en|zh-CN,"Add court.advance.ready / court.advance.label.* keys with shorter EN forms ('Ready' + 'Advance to Verdict'); allow flex-wrap:wrap and gap:8px on .pc-advance-banner."
P1,src/app/pc.css :: 80+ rules with word-break:keep-all without paired overflow-wrap (lines 8898 / 18289 / 18909 / 19052 etc.),"Good for KO/JA but EN long words won't break and will overflow flex containers. Fixed-width siblings make this unsafe.",en,"Add a single locale-aware base near :root using the existing <html lang> attribute: html[lang^='en'] body.pc-mode { word-break:normal; overflow-wrap:break-word; hyphens:auto; }"
P1,src/app/pc.css :: .pc-play-hbar grid-template-columns steps 196px 1fr 196px → 78px 1fr 78px at 1320px (with .char-info display:none),"Steam Deck 1280×800 sits exactly on this boundary; EN/JA hotbar special row clips between steps.",en|ja|zh-CN,"Add Steam-Deck-tuned media query (max-width:1280px and max-height:900px) that further compacts the special row to icon-only with kbd, drops slot key badge size, hides .char-info earlier."
P2,src/components/pc/result/PCResultScreen.tsx :: hero meta cards ('관계' / '쟁점' / '증거') values rendered as ${count}개 / ${count}종,"EN '3 disputes / 2 evidence' will not fit the strong line in repeat(3, minmax(0, 1fr)) at 1280×800.",en|ja,"Translate the labels and values via result.hero.meta.* keys; add min-width:0 to .pc-result-hero__meta-card; font-size:11px on the label span; allow 2-line wrap on the value <strong>."
P2,src/components/pc/debug/PCTestConsole.tsx :194 :: actions grid '44px 44px 44px 1fr 54px' with resourceHead labels '조사 토큰' / '스킬 포인트' / '법정 장악' inline,"EN 'Investigation Token' / 'Skill Point' won't fit 1fr after 3 buttons + input + 54px.",en,"Localize via debug.testConsole.* keys; shorten EN per glossary (Token / Skill / Court). Add min-width:0 + font-size:12px + overflow:hidden + text-overflow:ellipsis to resourceHead span."
P2,src/components/pc/observation/JudgeObservationSection.tsx :: CATEGORY_ICON keys + LOW_VALUE_OBSERVATION_TITLES + IMPORTANT_EVENT_OBSERVATION_TITLES use Korean string keys,"Observation titles are Korean keys; once translated they will not match the Set lookups and the filtering logic will silently fail.",en|ja|zh-CN,"Decouple keys from labels — store an internal id ('decisive_question_unlock') and render the localized title via t(). Out of layout scope but flagged so PROJECT_CONTROL_TOWER understands the migration cost."
P2,src/app/pc.css :: 100+ instances of font-size 9-10px (.slot-nm / .hotbar-mode / .hotbar-special-btn / .pc-language-selector__label etc.),"CJK glyphs at 9-10px (especially ja kanji / zh-CN hanzi) become unreadable on Steam Deck handheld DPI.",ja|zh-CN,"Floor CJK to 11px via locale class — html[lang^='ja'] body.pc-mode .slot-nm, html[lang^='zh'] body.pc-mode .slot-nm { font-size:11px; letter-spacing:0 }; apply to hotbar-special-btn / kbd / settings sidebar badge."
P2,src/components/pc/hotbar/PCBottomDock.tsx :579 :: .char-emo emotion chips (경계/자신감/동요/격앙/체념),"EN 'Defensive / Confident / Shaken / Angry / Resigned' longer; chip area is small.",en,"Place the emotion chip on its own line under the name (.char-info { flex-direction:column; align-items:flex-start }) with font-size:10px; localize via court.emotion.* keys."
