priority,locale,case,subject,result,evidence,recommendation
P0,(none),(none),no remaining P0 blockers for family-01 / friend-01 expansion,CLEAR,"All brief commands PASS (validate strict per-case + per-locale + check:policy + check:all + build:pc). Brand guard 0 violations × 42 sidecars. Independent forbidden-lexeme audit using ACTUAL localePolicy lexicons: 0 non-S5 leaks across all 6 audited surfaces × 3 locales × 2 cases = 12 audits.","Promotion path to GO is open."
P1,(none),(none),no remaining P1 blockers,CLEAR,All Thread-25 sentence-pool variation gate criteria met. Schema parity strict mode passes. KO sources unmodified. spouse-01 sidecars unchanged. behaviorHint not translated. keywordsLocale not filled. caseId normalized. options[] preserved. surfaceClaim absent.,No blocking action.
P2,ja,family-01,a|d-1|S5|fact_pursuit narrative softness — JA more abstract than KO/EN/zh-CN,DEFERRED_NATIVE_REVIEW,"v1-v4 visible text uses generic surface anchor (`面会記録と元介護士の証言を順に見たうえで...`) without explicit truth lexemes (異父 / 90:10 / 遺書操作 / 正厚の金). KO/EN/zh-CN v1 all reveal these explicitly.","Bucket cycle DOES expose truth at b-side (b|d-2|S5|fact_pursuit v1-v3 use 90:10/90対10/正厚90/泰成10/兄を守るために fully). Per Thread-24 recheck v2 §4 narrative-valid waiver, acceptable. P2 native-review polish recommended for a-side family-01 + a-side friend-01 JA S5 entries."
P2,zh-CN,friend-01,interrogation_answers S5 narrative softness — uses softer phrasing instead of literal truth tokens,DEFERRED_NATIVE_REVIEW,"Thread-29 SUMMARY noted: interrogation_answers used softer narrative S5 reveal phrasing (e.g. 提个醒 / 想拦下来 / 想替她拦住父亲) rather than literal forbidden tokens. This-thread audit confirmed: friend-01 zh-CN interrogation_answers S5 truth-lexeme count = 0.","friend-01 scriptedText interrogation S5 entries DO use literal truth lexemes (this-thread audit: 530 hits). Confession beat path uses stronger reveal vocab. Per Thread-24 recheck v2 §4 narrative-valid waiver. P2 native review can plumb truth-lexeme dictionary through to interrogation_answers S5 entries."
P2,en,family-01 + friend-01,EN scriptedText non-interrogation polish required (Thread-27 lesson learned),NOTED_ALREADY_FIXED,"Thread-27 SUMMARY documented Fr2 first sub-agent run rotated only the closer (10 distinct tails) but kept Sentence-A as a single anchor per bucket — variation audit caught 244 buckets failing opener and 304 failing the 60-char prefix-repetition rule. Fr2-polish sub-agent corrected.","Already resolved in landed sidecars (variation gate 1,445/1,445 friend-01 + 1,724/1,724 family-01 buckets pass). Future EN sub-agent prompts MUST mandate sentence-pool pattern with self-check assertion in build script. Thread-25 polish-sub-agent prompt template already does this; new prompts should mirror."
P2,en,family-01 + friend-01,Synthesised key field bug in family-01 d-3/d-4/d-5 + family-01 zh-CN interrogation_answers — ALREADY FIXED,NOTED_ALREADY_FIXED,"Thread-27 + Thread-29 both noted: F4 build script synthesised `key: '{party}|{disputeId}|{lieState}|{questionType}|{angleId}'` for entries where KO source has no `key` field. Caused strict-mode coverage mismatch. Fixed by stripping synthesised `key` post-build.","Already resolved in landed sidecars (strict mode passes). Recommend Codex enhance validator: strict mode `assertFullCoverage` should normalise `entry.key` against synthesised value rather than expect bytewise equality. OR build scripts should not synthesise key when KO lacks one. Tracking item."
P2,(all),(all),keywordsLocale field shape inconsistency between EN and JA/zh-CN,COSMETIC,"EN keeps keywordsLocale=[] empty arrays in angle_catalog (26 family + 20 friend = 46 occurrences). JA + zh-CN omit the field entirely. Both approaches valid per locked decision #7 + brief #7.","Cosmetic. Recommend Codex normalise scaffold output: either drop `keywordsLocale: []` from scaffold (so all 3 locales omit), OR have all 3 locales emit empty arrays. Not blocking."
P2,(carry-over),(all),non-lieState channel softening (aftermath / dossier-late / witness-full / evidence_present-late / contradiction_pursuit-late / emotional_overload-S4+ / mediation post-S5 / judge_*-postS5),DESIGN_GAP_UNCHANGED,"Carry-over from Thread-24 P1. Validator only allows truth lexemes when `entry.lieState === 'S5'`. Channels with `resultClass` / `lieBand` / `depth` instead of `lieState` cannot be truth-allowed at any band/depth. EN/JA/zh-CN family + friend aftermath all paraphrase to surface vocab.","NOT bulk-blocking. PCT decision still pending: (a) extend validator's truth-stage logic to honor channel-stage matrix per disclosure-policy.md §3.3, OR (b) accept locale-side hardening as deliberate v1 design. Recommend (a) for narrative parity with KO. Implementable post-bulk."
P2,en,(all cases),EN forbidden-lexeme substring brittleness,DESIGN_GAP_UNCHANGED,Thread-24 P1 carry-over. Validator's substring match means `'brother'` blocks `'my brother'` etc.,Tier 2 enhancement: add per-locale lexeme matcher with regex word-boundary `\bbrother\b` + per-channel allowlist. Not bulk-blocking but recommended before further EN content polish on family-01/friend-01.
P2,(all),(all),special_scripts schema gap,DESIGN_GAP_UNCHANGED,Thread-24 P1 carry-over. KO `special_scripts` files have 0 translatable strings; locale sidecars not produced. Same pattern as spouse-01 pilot + family-01 + friend-01.,Acceptable for v1 minimal scope. Defer per-bucket overlay shape definition until KO content lands.
P2,(all),family-01,LINE_LENGTH_RISKS — 3 long system_message variants in family-01 EN (>80 chars),DEFERRED,Thread-27 LINE_LENGTH_RISKS.csv reports 3 rows. system_message channel has 30/60-char cap per information-surface-policy.md §6.3.,Per Thread-04 SCRIPT_REVIEW_FINDINGS P1 row: update `information-surface-policy.md` §6.3 to per-locale cap (KO=30/60 / EN=50/90 / JA=30/60 / zh-CN=20/40 CJK). Not bulk-blocking.
P2,zh-CN,friend-01,6 long-line risks in friend-01 scriptedText S5 narrator beats (~210-220 chars),DEFERRED,Thread-29 SUMMARY P2 row 3.,Acceptable per UI compactness rules (these aren't UI labels). Native review may shorten.
INFO,(all),(all),Tier B `behaviorHint` activation deferred,UNCHANGED,Per locked decision #5. validator runs `skipCaseLexemes:true` on behaviorHint paths. Runtime falls back to KO behaviorHint.,Tier B activation plan post-bulk. JA SUMMARY recommendation: decide whether v1 ships with KO behaviorHint fallback (current) or with a behaviorHint-specific lexeme list before flipping the flag.
INFO,(all),(all),`localization:scripts:validate --case=<id>` filter works,VERIFIED,"This-thread re-confirmed: validate-script-locale.cjs accepts `--case=family-01` and `--case=friend-01`. Strict mode scopable to single case. Useful for incremental work.","Already integrated. No action."
INFO,(all),(all),`localization:scripts:validate` integrated into `check:all`,VERIFIED,"Thread-24 P2 verified RESOLVED in recheck v2. This-thread re-confirmed: check:all output shows `script locale validation ok: policies=3, sidecars=63, strings=444,009, locales=en,ja,zh-CN, strict=no`. Family + friend sidecars exercised by gate.","Already integrated. RC strict readiness: extending check:all to use `--strict` mode is one-line change. Recommend doing this for `check:rc`."
INFO,(all),(all),Strict mode pass scoped to all 3 active cases,VERIFIED,"Per-case strict mode: policies=1 sidecars=21 strings=166825 (family-01) / strings=132234 (friend-01). Aggregate strict (all 3 cases): would now be `policies=3 sidecars=63 strings=444009`. PCT precheck reports same.",Strict gating ready for `check:rc` integration.
INFO,(all),(all),build:pc PASS with existing Vite warnings only,VERIFIED,"This-thread re-ran: `✓ built in 6.68s` with Vite warnings: ineffective dynamic import / large chunks / plugin timing. Same pre-existing warnings as PCT precheck.",No new build risk introduced by family/friend expansion.
INFO,(all),(all),~444,009 localized script strings landed across 3 locales × 3 active cases,VERIFIED,"63 sidecars total: 21 spouse-01 + 21 family-01 + 21 friend-01. Coverage: spouse-01 ~13,383 × 3 = ~40,149 + family-01 ~15,533 × 3 = ~46,599 + friend-01 ~12,065 × 3 = ~36,195 + delta = 444,009 per validator string count.",Pilot sidecar localization complete for all 3 active cases.
RECOMMENDED,(all),(all),Mandate Thread-25 sentence-pool pattern continues for any future polish / new case,REQUIRED,"Thread-27 friend-01 EN Fr2 first try documented the failure mode (single Sentence-A anchor + tail rotation). Variation audit caught it. Pattern works only with explicit ≥3 distinct openers per bucket.","Sub-agent prompt mandate going forward (any new locale work / polish / new case): (1) build-script-with-sentence-pool pattern; (2) ≥3 distinct first-N-char openers per ≥6-variant bucket; (3) cycle by `variantIdx % 3`; (4) self-check assertion in build script before write; (5) reuse existing tmp/ build-scripts as starting models."
RECOMMENDED,(all),(all),Codex parameterize audit scripts by --case for reuse,DEFERRED_OPTIONAL,Thread-27 + Thread-28 + Thread-29 all created per-case audit scripts under tmp/. Currently hard-coded paths.,"Codex parameterize tmp/script-localization/en-polish/audit-variation.cjs and audit-truth-boundary.cjs by `--case` flag for any future case sidecar work without copy-paste. Optional Tier 3 polish."
